year,state,state_po,state_fips,state_cen,state_ic,office,district,stage,special,candidate,party_detailed,writein,mode,candidatevotes,totalvotes,unofficial,version,party_simplified
2004,WISCONSIN,WI,55,35,25,US SENATE,statewide,gen,False,BLANK VOTE/SCATTERING,,False,total,834,2949743,False,20210114,OTHER
2010,LOUISIANA,LA,22,72,45,US SENATE,statewide,gen,False,MILTON GORDON,NO PARTY,False,total,4810,1264994,False,20210114,OTHER
1976,NEW MEXICO,NM,35,85,66,US SENATE,statewide,gen,False,"HARRISON ""JACK"" SCHMITT",REPUBLICAN,False,total,234681,413056,False,20210114,REPUBLICAN
2020,LOUISIANA,LA,22,72,45,US SENATE,statewide,gen,False,ADRIAN PERKINS,DEMOCRAT,False,total,394049,2071543,False,20210114,DEMOCRAT
2012,CONNECTICUT,CT,9,16,1,US SENATE,statewide,gen,False,LINDA E. MCMAHON,INDEPENDENT,False,total,46520,1511764,False,20210114,OTHER
2006,NEW JERSEY,NJ,34,22,12,US SENATE,statewide,gen,False,ROBERT MENENDEZ,DEMOCRAT,False,total,58333,101973,False,20210114,DEMOCRAT
2008,MAINE,ME,23,11,2,US SENATE,statewide,gen,False,SUSAN M. COLLINS,REPUBLICAN,False,total,444300,724430,False,20210114,REPUBLICAN
2014,KENTUCKY,KY,21,61,51,US SENATE,statewide,gen,False,,,True,total,17,1435868,False,20210114,OTHER
1992,WISCONSIN,WI,55,35,25,US SENATE,statewide,gen,False,"MERVIN A. HANSON, SR.",INDEPENDENT,False,total,3264,2455124,False,20210114,OTHER
1984,MONTANA,MT,30,81,64,US SENATE,statewide,gen,False,CHUCK COZZENS,REPUBLICAN,False,total,154308,379155,False,20210114,REPUBLICAN
1982,VERMONT,VT,50,13,6,US SENATE,statewide,gen,False,MICHAEL EDWARD HACKETT,INDEPENDENT,False,total,1463,168002,False,20210114,OTHER
1976,DELAWARE,DE,10,51,11,US SENATE,statewide,gen,False,JOHN A. MASSIMILLA,PROHIBITION,False,total,216,224795,False,20210114,OTHER
2018,FLORIDA,FL,12,59,43,US SENATE,statewide,gen,False,RICK SCOTT,REPUBLICAN,False,total,4099505,8190005,False,20210114,REPUBLICAN
1996,MICHIGAN,MI,26,34,23,US SENATE,statewide,gen,False,,,True,total,304,3762575,False,20210114,OTHER
2012,CONNECTICUT,CT,9,16,1,US SENATE,statewide,gen,False,CHRISTOPHER S. MURPHY,WORKING FAMILIES,False,total,35778,1511764,False,20210114,OTHER
2002,TENNESSEE,TN,47,62,54,US SENATE,statewide,gen,False,BOB CLEMENT,DEMOCRAT,False,total,728232,1642432,False,20210114,DEMOCRAT
1976,MINNESOTA,MN,27,41,33,US SENATE,statewide,gen,False,ROBIN E. MILLER,LIBERTARIAN,False,total,5476,1912020,False,20210114,LIBERTARIAN
2000,TENNESSEE,TN,47,62,54,US SENATE,statewide,gen,False,ROBERT WATSON,INDEPENDENT,False,total,8416,1928613,False,20210114,OTHER
2000,NEBRASKA,NE,31,46,35,US SENATE,statewide,gen,False,,,True,total,1280,692350,False,20210114,OTHER
1992,FLORIDA,FL,12,59,43,US SENATE,statewide,gen,False,,,True,total,220,4962290,False,20210114,OTHER
2016,SOUTH CAROLINA,SC,45,57,48,US SENATE,statewide,gen,False,THOMAS DIXON,WORKING FAMILIES,False,total,37610,2049893,False,20210114,OTHER
2008,LOUISIANA,LA,22,72,45,US SENATE,statewide,gen,False,RICHARD FONTANESI,LIBERTARIAN,False,total,18590,1896574,False,20210114,LIBERTARIAN
2006,TEXAS,TX,48,74,49,US SENATE,statewide,gen,False,KAY BAILEY HUTCHISON,REPUBLICAN,False,total,2661789,4314663,False,20210114,REPUBLICAN
2016,MISSOURI,MO,29,43,34,US SENATE,statewide,gen,False,,,True,total,4,2802637,False,20210114,OTHER
2012,MICHIGAN,MI,26,34,23,US SENATE,statewide,gen,False,,,True,total,10,4652918,False,20210114,OTHER
2000,CALIFORNIA,CA,6,93,71,US SENATE,statewide,gen,False,TOM CAMPBELL,REPUBLICAN,False,total,3886853,10623608,False,20210114,REPUBLICAN
1994,HAWAII,HI,15,95,82,US SENATE,statewide,gen,False,DANIEL K. AKAKA,DEMOCRAT,False,total,256189,356902,False,20210114,DEMOCRAT
2010,SOUTH CAROLINA,SC,45,57,48,US SENATE,statewide,gen,False,,,True,total,21953,1318794,False,20210114,OTHER
2000,GEORGIA,GA,13,58,44,US SENATE,statewide,gen,True,MACK F. MATTINGLY,REPUBLICAN (NOT IDENTIFIED ON BALLOT),False,total,920478,2415743,False,20210114,OTHER
2010,MISSOURI,MO,29,43,34,US SENATE,statewide,gen,False,,,True,total,7,1943899,False,20210114,OTHER
1998,NORTH CAROLINA,NC,37,56,47,US SENATE,statewide,gen,False,BARBARA HOWE,LIBERTARIAN,False,total,36963,2012143,False,20210114,LIBERTARIAN
1980,CONNECTICUT,CT,9,16,1,US SENATE,statewide,gen,False,GERARD G. BRENNAN,LIBERTARIAN,False,total,5336,1356075,False,20210114,LIBERTARIAN
1992,SOUTH CAROLINA,SC,45,57,48,US SENATE,statewide,gen,False,ERNEST F. HOLLINGS,DEMOCRAT,False,total,591030,1180438,False,20210114,DEMOCRAT
1978,OKLAHOMA,OK,40,73,53,US SENATE,statewide,gen,False,PAUL EDWARD TRENT,INDEPENDENT,False,total,3015,754264,False,20210114,OTHER
2010,CALIFORNIA,CA,6,93,71,US SENATE,statewide,gen,False,MARSHA FEINLAND,PEACE AND FREEDOM,False,total,135093,10000160,False,20210114,OTHER
1976,NEVADA,NV,32,88,65,US SENATE,statewide,gen,False,DAN BECAN,LIBERTARIAN,False,total,2307,201899,False,20210114,LIBERTARIAN
1992,IDAHO,ID,16,82,63,US SENATE,statewide,gen,False,RICHARD H. STALLINGS,DEMOCRAT,False,total,208036,478504,False,20210114,DEMOCRAT
1996,TEXAS,TX,48,74,49,US SENATE,statewide,gen,False,JOHN HUFF,NATURAL LAW,False,total,19469,5527441,False,20210114,OTHER
1978,MINNESOTA,MN,27,41,33,US SENATE,statewide,gen,True,DAVID DURENBERGER,REPUBLICAN,False,total,957908,1558376,False,20210114,REPUBLICAN
2010,FLORIDA,FL,12,59,43,US SENATE,statewide,gen,False,KENDRICK B. MEEK,DEMOCRAT,False,total,1092936,5411106,False,20210114,DEMOCRAT
1986,CONNECTICUT,CT,9,16,1,US SENATE,statewide,gen,False,"EDWARD J. MCCALLUM, JR.",NONE,False,total,3800,976933,False,20210114,OTHER
1988,NEW YORK,NY,36,21,13,US SENATE,statewide,gen,False,CHARLENE MITCHELL,INDEPENDENT PROGRESSIVE LINE,False,total,14770,6040980,False,20210114,OTHER
1990,NEW MEXICO,NM,35,85,66,US SENATE,statewide,gen,False,TOM R. BENAVIDES,DEMOCRAT,False,total,110033,406938,False,20210114,DEMOCRAT
1980,COLORADO,CO,8,84,62,US SENATE,statewide,gen,False,MARY ESTILL BUCHANAN,REPUBLICAN,False,total,571295,1173142,False,20210114,REPUBLICAN
2002,LOUISIANA,LA,22,72,45,US SENATE,statewide,gen,False,"PATRICK E. ""LIVE WIRE"" LANDRY",OTHER,False,total,10442,2481629,False,20210114,OTHER
1994,VIRGINIA,VA,51,54,40,US SENATE,statewide,gen,False,"OLIVER L. ""OLLIE"" NORTH",REPUBLICAN,False,total,882213,2057463,False,20210114,REPUBLICAN
2000,MASSACHUSETTS,MA,25,14,3,US SENATE,statewide,gen,False,OTHER,,False,total,2473,2734048,False,20210114,OTHER
2002,KANSAS,KS,20,47,32,US SENATE,statewide,gen,False,PAT ROBERTS,REPUBLICAN,False,total,641075,776850,False,20210114,REPUBLICAN
1986,OREGON,OR,41,92,72,US SENATE,statewide,gen,False,RICK BAUMAN,DEMOCRAT,False,total,375735,1042555,False,20210114,DEMOCRAT
1982,CONNECTICUT,CT,9,16,1,US SENATE,statewide,gen,False,"LOWELL P. WEICKER, JR.",REPUBLICAN,False,total,545987,1083508,False,20210114,REPUBLICAN
2020,KENTUCKY,KY,21,61,51,US SENATE,statewide,gen,False,MITCH MCCONNELL,REPUBLICAN,False,total,1233315,2135057,False,20210114,REPUBLICAN
1998,IOWA,IA,19,42,31,US SENATE,statewide,gen,False,DAVID OSTERBERG,DEMOCRAT,False,total,289049,947907,False,20210114,DEMOCRAT
2020,KANSAS,KS,20,47,32,US SENATE,statewide,gen,False,ROGER MARSHALL,REPUBLICAN,False,total,727962,1367755,False,20210114,REPUBLICAN
1986,WISCONSIN,WI,55,35,25,US SENATE,statewide,gen,False,ROBERT W. KASTEN JR.,REPUBLICAN,False,total,754573,1483174,False,20210114,REPUBLICAN
1996,OREGON,OR,41,92,72,US SENATE,statewide,gen,False,BRENT THOMPSON,REFORM,False,total,20381,1360230,False,20210114,OTHER
2020,WYOMING,WY,56,83,68,US SENATE,statewide,gen,False,MERAV BEN DAVID,,False,total,72766,278503,False,20210114,OTHER
2012,MAINE,ME,23,11,2,US SENATE,statewide,gen,False,ANDREW IAN DODGE,INDEPENDENT FOR LIBERTY,False,total,5624,724720,False,20210114,OTHER
2002,VIRGINIA,VA,51,54,40,US SENATE,statewide,gen,False,JACOB G. HORNBERGER JR.,INDEPENDENT,False,total,106055,1489422,False,20210114,OTHER
1978,MINNESOTA,MN,27,41,33,US SENATE,statewide,gen,False,RUDOLPH E. BOSCHWITZ,REPUBLICAN,False,total,894092,1580622,False,20210114,REPUBLICAN
1992,PENNSYLVANIA,PA,42,23,14,US SENATE,statewide,gen,False,ARLEN SPECTER,REPUBLICAN,False,total,2358125,4802410,False,20210114,REPUBLICAN
2020,NEW JERSEY,NJ,34,22,12,US SENATE,statewide,gen,False,CORY BOOKER,DEMOCRAT,False,total,2541178,4440440,False,20210114,DEMOCRAT
2000,NEW YORK,NY,36,21,13,US SENATE,statewide,gen,False,JOHN O. ADEFOPE,RIGHT TO LIFE,False,total,21439,6959662,False,20210114,OTHER
2004,NEW YORK,NY,36,21,13,US SENATE,statewide,gen,False,DAVID E. MCREYNOLDS,GREEN,False,total,36942,7447818,False,20210114,OTHER
2012,NORTH DAKOTA,ND,38,44,36,US SENATE,statewide,gen,False,RICK BERG,REPUBLICAN,False,total,158401,321144,False,20210114,REPUBLICAN
1988,ARIZONA,AZ,4,86,61,US SENATE,statewide,gen,False,,,True,total,32,1164539,False,20210114,OTHER
1978,MINNESOTA,MN,27,41,33,US SENATE,statewide,gen,True,,,True,total,878,1558376,False,20210114,OTHER
2006,NEW JERSEY,NJ,34,22,12,US SENATE,statewide,gen,False,GREGORY PASON,SOCIALIST PARTY USA,False,total,47,101973,False,20210114,OTHER
1994,TENNESSEE,TN,47,62,54,US SENATE,statewide,gen,False,BILL FRIST,REPUBLICAN,False,total,834226,1480391,False,20210114,REPUBLICAN
2000,TEXAS,TX,48,74,49,US SENATE,statewide,gen,False,MARY J. RUWART,LIBERTARIAN,False,total,72657,6267964,False,20210114,LIBERTARIAN
2018,NORTH DAKOTA,ND,38,44,36,US SENATE,statewide,gen,False,HEIDI HEITKAMP,DEMOCRATIC-NPL,False,total,144376,326138,False,20210114,DEMOCRAT
2016,ARIZONA,AZ,4,86,61,US SENATE,statewide,gen,False,LEONARD CLARK,INDEPENDENT,True,total,83,2530730,False,20210114,OTHER
2014,OREGON,OR,41,92,72,US SENATE,statewide,gen,False,JAMES E. LEUENBERGER,CONSTITUTION,False,total,24212,1461618,False,20210114,OTHER
2008,MINNESOTA,MN,27,41,33,US SENATE,statewide,gen,False,,,True,total,13,2887646,False,20210114,OTHER
2020,ARIZONA,AZ,4,86,61,US SENATE,statewide,gen,True,"PATRICK ""PAT"" THOMAS",REPUBLICAN,True,total,29,3355307,False,20210114,REPUBLICAN
1980,GEORGIA,GA,13,58,44,US SENATE,statewide,gen,False,HERMAN E. TALMADGE,DEMOCRAT,False,total,776143,1579829,False,20210114,DEMOCRAT
2010,FLORIDA,FL,12,59,43,US SENATE,statewide,gen,False,SUE ASKELAND,NO PARTY AFFILIATION,False,total,15340,5411106,False,20210114,OTHER
2016,LOUISIANA,LA,22,72,45,US SENATE,statewide,gen,False,KAITLIN MARONE,NONE,False,total,4108,1997218,False,20210114,OTHER
2012,NEW JERSEY,NJ,34,22,12,US SENATE,statewide,gen,False,ROBERT ??TURK?? TURKAVAGE,RESPONSIBILITY FAIRNESS INTEGRITY,False,total,3532,3376649,False,20210114,OTHER
2014,TENNESSEE,TN,47,62,54,US SENATE,statewide,gen,False,DANNY PAGE,INDEPENDENT,False,total,7713,1374065,False,20210114,OTHER
1986,KANSAS,KS,20,47,32,US SENATE,statewide,gen,False,GUY MACDONALD,DEMOCRAT,False,total,246664,823566,False,20210114,DEMOCRAT
2004,NEVADA,NV,32,88,65,US SENATE,statewide,gen,False,DAVID K. SCHUMANN,INDEPENDENT AMERICAN,False,total,6001,810068,False,20210114,OTHER
1976,NORTH DAKOTA,ND,38,44,36,US SENATE,statewide,gen,False,ROBERT STROUP,REPUBLICAN,False,total,103466,283062,False,20210114,REPUBLICAN
2008,NORTH CAROLINA,NC,37,56,47,US SENATE,statewide,gen,False,CHRISTOPHER COLE,LIBERTARIAN,False,total,133430,4271970,False,20210114,LIBERTARIAN
1992,NEW YORK,NY,36,21,13,US SENATE,statewide,gen,False,NORMA SEGAL,LIBERTARIAN,False,total,108530,7078805,False,20210114,LIBERTARIAN
1982,TENNESSEE,TN,47,62,54,US SENATE,statewide,gen,False,,,True,total,30,1259785,False,20210114,OTHER
1984,KANSAS,KS,20,47,32,US SENATE,statewide,gen,False,FREDA H. STEELE,PROHIBITION,False,total,4610,996729,False,20210114,OTHER
1976,MAINE,ME,23,11,2,US SENATE,statewide,gen,False,EDMUND S. MUSKIE,DEMOCRAT,False,total,292704,486193,False,20210114,DEMOCRAT
1976,NEW YORK,NY,36,21,13,US SENATE,statewide,gen,False,DANIEL PATRICK MOYNIHAN,LIBERAL,False,total,184083,6666875,False,20210114,OTHER
1990,NORTH CAROLINA,NC,37,56,47,US SENATE,statewide,gen,False,HARVEY B. GANTT,DEMOCRAT,False,total,981573,2069585,False,20210114,DEMOCRAT
1980,SOUTH DAKOTA,SD,46,45,37,US SENATE,statewide,gen,False,GEORGE MCGOVERN,DEMOCRAT,False,total,129018,327478,False,20210114,DEMOCRAT
1980,CALIFORNIA,CA,6,93,71,US SENATE,statewide,gen,False,DAVID BERGLAND,LIBERTARIAN,False,total,202410,8324012,False,20210114,LIBERTARIAN
1986,ALASKA,AK,2,94,81,US SENATE,statewide,gen,False,GLENN OLDS,DEMOCRAT,False,total,79727,180801,False,20210114,DEMOCRAT
2016,MISSOURI,MO,29,43,34,US SENATE,statewide,gen,False,FRED RYMAN,CONSTITUTION,False,total,25407,2802637,False,20210114,OTHER
1992,LOUISIANA,LA,22,72,45,US SENATE,statewide,gen,False,JOHN B. BREAUX,DEMOCRAT,False,total,1,1,False,20210114,DEMOCRAT
1984,MICHIGAN,MI,26,34,23,US SENATE,statewide,gen,False,CARL LEVIN,DEMOCRAT,False,total,1915831,3700938,False,20210114,DEMOCRAT
2014,NEW MEXICO,NM,35,85,66,US SENATE,statewide,gen,False,TOM UDALL,DEMOCRAT,False,total,286409,515506,False,20210114,DEMOCRAT
1986,OKLAHOMA,OK,40,73,53,US SENATE,statewide,gen,False,JAMES R. JONES,DEMOCRAT,False,total,400230,893666,False,20210114,DEMOCRAT
1996,WYOMING,WY,56,83,68,US SENATE,statewide,gen,False,LLOYD MARSDEN,NATURAL LAW,False,total,2569,211077,False,20210114,OTHER
2018,MINNESOTA,MN,27,41,33,US SENATE,statewide,gen,False,PAULA M OVERBY,MINNESOTA GREEN,False,total,23101,2596879,False,20210114,OTHER
1994,TENNESSEE,TN,47,62,54,US SENATE,statewide,gen,True,TERRY L. LYTLE,INDEPENDENT,False,total,1934,1465862,False,20210114,OTHER
1992,COLORADO,CO,8,84,62,US SENATE,statewide,gen,False,HUE FUTCH,LIBERTARIAN,False,total,23,1552289,False,20210114,LIBERTARIAN
2000,MISSISSIPPI,MS,28,64,46,US SENATE,statewide,gen,False,JIM GILES,INDEPENDENT,False,total,9344,994144,False,20210114,OTHER
1990,NEW HAMPSHIRE,NH,33,12,4,US SENATE,statewide,gen,False,,,True,total,585,291393,False,20210114,OTHER
2004,VERMONT,VT,50,13,6,US SENATE,statewide,gen,False,,,True,total,174,307208,False,20210114,OTHER
1986,WISCONSIN,WI,55,35,25,US SENATE,statewide,gen,False,SCATTER,,False,total,1212,1483174,False,20210114,OTHER
1994,PENNSYLVANIA,PA,42,23,14,US SENATE,statewide,gen,False,DIANE BLOUGH,PATRIOT,False,total,69825,3513361,False,20210114,OTHER
2000,MASSACHUSETTS,MA,25,14,3,US SENATE,statewide,gen,False,CARLA A. HOWELL,LIBERTARIAN,False,total,308860,2734048,False,20210114,LIBERTARIAN
1986,SOUTH CAROLINA,SC,45,57,48,US SENATE,statewide,gen,False,HENRY D. MCMASTER,REPUBLICAN,False,total,262886,737962,False,20210114,REPUBLICAN
2018,TENNESSEE,TN,47,62,54,US SENATE,statewide,gen,False,TRUDY A. AUSTIN,INDEPENDENT,False,total,9455,2243740,False,20210114,OTHER
2020,LOUISIANA,LA,22,72,45,US SENATE,statewide,gen,False,PETER WENSTRUP,DEMOCRAT,False,total,14454,2071543,False,20210114,DEMOCRAT
2000,MASSACHUSETTS,MA,25,14,3,US SENATE,statewide,gen,False,BLANK VOTE/SCATTERING,,False,total,134586,2734048,False,20210114,OTHER
1976,MARYLAND,MD,24,52,52,US SENATE,statewide,gen,False,PAUL S. SARBANES,DEMOCRAT,False,total,772101,1365290,False,20210114,DEMOCRAT
2010,ARKANSAS,AR,5,71,42,US SENATE,statewide,gen,False,"STEPHAN ""TROUBLEMAKER"" HERCHER",,True,total,143,779957,False,20210114,OTHER
2012,DELAWARE,DE,10,51,11,US SENATE,statewide,gen,False,ANDREW RICHARD GROFF,GREEN,False,total,3191,399606,False,20210114,OTHER
2002,MONTANA,MT,30,81,64,US SENATE,statewide,gen,False,MIKE TAYLOR,REPUBLICAN,False,total,103611,326537,False,20210114,REPUBLICAN
2018,NEBRASKA,NE,31,46,35,US SENATE,statewide,gen,False,DEB FISCHER,REPUBLICAN,False,total,403151,698883,False,20210114,REPUBLICAN
1984,SOUTH CAROLINA,SC,45,57,48,US SENATE,statewide,gen,False,STEPHEN DAVIS,LIBERTARIAN,False,total,13333,965130,False,20210114,LIBERTARIAN
2012,WASHINGTON,WA,53,91,73,US SENATE,statewide,gen,False,MARIA CANTWELL,DEMOCRAT,False,total,1855493,3069417,False,20210114,DEMOCRAT
2018,PENNSYLVANIA,PA,42,23,14,US SENATE,statewide,gen,False,DALE R KERNS JR,LIBERTARIAN,False,total,50907,4994643,False,20210114,LIBERTARIAN
1988,TENNESSEE,TN,47,62,54,US SENATE,statewide,gen,False,JIM SASSER,DEMOCRAT,False,total,1020061,1567181,False,20210114,DEMOCRAT
1986,IOWA,IA,19,42,31,US SENATE,statewide,gen,False,JOHN O. ROEHRICK,DEMOCRAT,False,total,299406,891762,False,20210114,DEMOCRAT
1980,VERMONT,VT,50,13,6,US SENATE,statewide,gen,False,ANTHONY N. DORIA,INDEPENDENT,False,total,1776,209124,False,20210114,OTHER
2020,GEORGIA,GA,13,58,44,US SENATE,statewide,gen,True,KELLY LOEFFLER,REPUBLICAN,False,total,1273214,4914361,False,20210114,REPUBLICAN
1998,NEW HAMPSHIRE,NH,33,12,4,US SENATE,statewide,gen,False,ROY KENDEL,INDEPENDENT,False,total,4733,314696,False,20210114,OTHER
1978,NORTH CAROLINA,NC,37,56,47,US SENATE,statewide,gen,False,JESSE HELMS,REPUBLICAN,False,total,619151,1135814,False,20210114,REPUBLICAN
2006,NEVADA,NV,32,88,65,US SENATE,statewide,gen,False,DAVID K. SCHUMANN,INDEPENDENT,False,total,7774,582572,False,20210114,OTHER
2006,VERMONT,VT,50,13,6,US SENATE,statewide,gen,False,CRAIG HILL,GREEN,False,total,1536,262419,False,20210114,OTHER
1998,MARYLAND,MD,24,52,52,US SENATE,statewide,gen,False,BARBARA A. MIKULSKI,DEMOCRAT,False,total,1062810,1507447,False,20210114,DEMOCRAT
1992,NORTH CAROLINA,NC,37,56,47,US SENATE,statewide,gen,False,BOBBY YATES EMORY,LIBERTARIAN,False,total,85948,2577891,False,20210114,LIBERTARIAN
1980,KENTUCKY,KY,21,61,51,US SENATE,statewide,gen,False,WENDELL H. FORD,DEMOCRAT,False,total,720891,1106920,False,20210114,DEMOCRAT
1992,ILLINOIS,IL,17,33,21,US SENATE,statewide,gen,False,JOHN JUSTICE,POPULIST,False,total,8656,4939558,False,20210114,OTHER
2006,PENNSYLVANIA,PA,42,23,14,US SENATE,statewide,gen,False,,,True,total,3281,4081043,False,20210114,OTHER
1978,MAINE,ME,23,11,2,US SENATE,statewide,gen,False,JOHN J. JANNACE,INDEPENDENT,False,total,5553,375114,False,20210114,OTHER
2004,NEW HAMPSHIRE,NH,33,12,4,US SENATE,statewide,gen,False,BLANK VOTE/SCATTERING,,False,total,588,657086,False,20210114,OTHER
1994,NEW MEXICO,NM,35,85,66,US SENATE,statewide,gen,False,COLIN R. MCMILLAN,REPUBLICAN,False,total,213025,463196,False,20210114,REPUBLICAN
1976,UTAH,UT,49,87,67,US SENATE,statewide,gen,False,STEVE TROTTER,LIBERTARIAN,False,total,3026,522108,False,20210114,LIBERTARIAN
1994,MASSACHUSETTS,MA,25,14,3,US SENATE,statewide,gen,False,OTHER,,False,total,688,2179945,False,20210114,OTHER
2020,DELAWARE,DE,10,51,11,US SENATE,statewide,gen,False,MARK W. TURLEY,INDEPENDENT PARTY OF DELAWARE,False,total,7833,490935,False,20210114,OTHER
1994,HAWAII,HI,15,95,82,US SENATE,statewide,gen,False,RICHARD (DICK) ROWLAND,LIBERTARIAN,False,total,14393,356902,False,20210114,LIBERTARIAN
2014,KENTUCKY,KY,21,61,51,US SENATE,statewide,gen,False,GREGORY D. WELCH,,True,total,64,1435868,False,20210114,OTHER
2000,CONNECTICUT,CT,9,16,1,US SENATE,statewide,gen,False,"WILLIAM KOZAK, JR.",CONCERNED CITIZENS,False,total,25509,1311261,False,20210114,OTHER
1996,NEW MEXICO,NM,35,85,66,US SENATE,statewide,gen,False,PETE V. DOMENICI,REPUBLICAN,False,total,357171,551821,False,20210114,REPUBLICAN
1976,ARIZONA,AZ,4,86,61,US SENATE,statewide,gen,False,BOB FIELD,INDEPENDENT,False,total,10765,741210,False,20210114,OTHER
2016,NEVADA,NV,32,88,65,US SENATE,statewide,gen,False,TONY GUMINA,NONE,False,total,10740,1108294,False,20210114,OTHER
2014,MASSACHUSETTS,MA,25,14,3,US SENATE,statewide,gen,False,BRIAN J. HERR,REPUBLICAN,False,total,791950,2186789,False,20210114,REPUBLICAN
2004,LOUISIANA,LA,22,72,45,US SENATE,statewide,gen,False,"SAM HOUSTON MELTON, JR.",DEMOCRAT,False,total,12289,1848056,False,20210114,DEMOCRAT
2006,FLORIDA,FL,12,59,43,US SENATE,statewide,gen,False,,,True,total,78,4793534,False,20210114,OTHER
1992,NEVADA,NV,32,88,65,US SENATE,statewide,gen,False,H. KENT CROMWELL,LIBERTARIAN,False,total,7222,495887,False,20210114,LIBERTARIAN
2018,TENNESSEE,TN,47,62,54,US SENATE,statewide,gen,False,KEVIN LEE MCCANTS,INDEPENDENT,False,total,1927,2243740,False,20210114,OTHER
2020,COLORADO,CO,8,84,62,US SENATE,statewide,gen,False,"STEPHAN ""SEKU"" EVANS",UNITY PARTY,False,total,8971,3235790,False,20210114,OTHER
1998,OREGON,OR,41,92,72,US SENATE,statewide,gen,False,KARYN MOSKOWITZ,PACIFIC,False,total,22024,1117747,False,20210114,OTHER
1988,MISSISSIPPI,MS,28,64,46,US SENATE,statewide,gen,False,TRENT LOTT,REPUBLICAN,False,total,510380,946719,False,20210114,REPUBLICAN
1980,ARIZONA,AZ,4,86,61,US SENATE,statewide,gen,False,JOSEFINA OTERO,SOCIALIST WORKERS,False,total,3266,874238,False,20210114,OTHER
1996,KENTUCKY,KY,21,61,51,US SENATE,statewide,gen,False,STEVEN L. BESHEAR,DEMOCRAT,False,total,560012,1307046,False,20210114,DEMOCRAT
1986,NEVADA,NV,32,88,65,US SENATE,statewide,gen,False,KENT CROMWELL,LIBERTARIAN,False,total,4899,261932,False,20210114,LIBERTARIAN
1990,WYOMING,WY,56,83,68,US SENATE,statewide,gen,False,KATHY HELLING,DEMOCRAT,False,total,56848,157632,False,20210114,DEMOCRAT
1996,ALASKA,AK,2,94,81,US SENATE,statewide,gen,False,TED STEVENS,REPUBLICAN,False,total,177893,231916,False,20210114,REPUBLICAN
1976,NEVADA,NV,32,88,65,US SENATE,statewide,gen,False,BYRON D. YOUNG,INDEPENDENT AMERICAN,False,total,3619,201899,False,20210114,OTHER
2008,ARKANSAS,AR,5,71,42,US SENATE,statewide,gen,False,MARK L. PRYOR,DEMOCRAT,False,total,804678,1011754,False,20210114,DEMOCRAT
2018,NEW JERSEY,NJ,34,22,12,US SENATE,statewide,gen,False,MADELYN R. HOFFMAN,GREEN,False,total,25150,3169310,False,20210114,OTHER
1994,PENNSYLVANIA,PA,42,23,14,US SENATE,statewide,gen,False,HARRIS WOFFORD,DEMOCRAT,False,total,1648481,3513361,False,20210114,DEMOCRAT
2020,SOUTH CAROLINA,SC,45,57,48,US SENATE,statewide,gen,False,JAIME HARRISON,DEMOCRAT,False,total,1110828,2515104,False,20210114,DEMOCRAT
2016,SOUTH DAKOTA,SD,46,45,37,US SENATE,statewide,gen,False,JOHN R. THUNE,REPUBLICAN,False,total,265516,369656,False,20210114,REPUBLICAN
2000,MARYLAND,MD,24,52,52,US SENATE,statewide,gen,False,PAUL H. RAPPAPORT,REPUBLICAN,False,total,715178,1946898,False,20210114,REPUBLICAN
2000,TENNESSEE,TN,47,62,54,US SENATE,statewide,gen,False,,,True,total,259,1928613,False,20210114,OTHER
1988,MASSACHUSETTS,MA,25,14,3,US SENATE,statewide,gen,False,FREDA LEE NASON,LIBERTARIAN,False,total,13199,2606225,False,20210114,LIBERTARIAN
1976,RHODE ISLAND,RI,44,15,5,US SENATE,statewide,gen,False,MARGARET R. CANN,COMMUNIST,False,total,912,398906,False,20210114,OTHER
1986,SOUTH CAROLINA,SC,45,57,48,US SENATE,statewide,gen,False,RAY HILLYARD,AMERICAN,False,total,4588,737962,False,20210114,OTHER
1986,COLORADO,CO,8,84,62,US SENATE,statewide,gen,False,MICHAEL MARTIN BUSH,INDEPENDENT,False,total,11127,1060765,False,20210114,OTHER
2020,DELAWARE,DE,10,51,11,US SENATE,statewide,gen,False,LAUREN WITZKE,REPUBLICAN,False,total,186054,490935,False,20210114,REPUBLICAN
2000,MISSOURI,MO,29,43,34,US SENATE,statewide,gen,False,,,True,total,13,2361586,False,20210114,OTHER
1984,NEBRASKA,NE,31,46,35,US SENATE,statewide,gen,False,OTHER,,False,total,304,639668,False,20210114,OTHER
1978,TEXAS,TX,48,74,49,US SENATE,statewide,gen,False,ROBERT KRUEGER,DEMOCRAT,False,total,1139149,2312540,False,20210114,DEMOCRAT
2002,MINNESOTA,MN,27,41,33,US SENATE,statewide,gen,False,MIRO DRAGO,CONSTITUTION,False,total,2254,2254636,False,20210114,OTHER
1998,NEW YORK,NY,36,21,13,US SENATE,statewide,gen,False,CHARLES E. SCHUMER,INDEPENDENCE,False,total,109027,4989877,False,20210114,OTHER
2006,NEW JERSEY,NJ,34,22,12,US SENATE,statewide,gen,False,LEN FLYNN,LIBERTARIAN,False,total,345,101973,False,20210114,LIBERTARIAN
1994,VIRGINIA,VA,51,54,40,US SENATE,statewide,gen,False,L. DOUGLAS WILDER,INDEPENDENT,False,total,113,2057463,False,20210114,OTHER
1980,LOUISIANA,LA,22,72,45,US SENATE,statewide,gen,False,RUSSELL B. LONG,DEMOCRAT,False,total,484770,841013,False,20210114,DEMOCRAT
2004,VERMONT,VT,50,13,6,US SENATE,statewide,gen,False,PATRICK J. LEAHY,DEMOCRAT,False,total,216972,307208,False,20210114,DEMOCRAT
1996,NORTH CAROLINA,NC,37,56,47,US SENATE,statewide,gen,False,,,True,total,143,2556456,False,20210114,OTHER
1980,IOWA,IA,19,42,31,US SENATE,statewide,gen,False,GARRY DE YOUNG,BY PETITION,False,total,5858,1276986,False,20210114,OTHER
1976,CALIFORNIA,CA,6,93,71,US SENATE,statewide,gen,False,JOHN V. TUNNEY,DEMOCRAT,False,total,3502862,7470586,False,20210114,DEMOCRAT
2010,NEVADA,NV,32,88,65,US SENATE,statewide,gen,False,MICHAEL L. HAINES,INDEPENDENT,False,total,4261,721404,False,20210114,OTHER
2010,WASHINGTON,WA,53,91,73,US SENATE,statewide,gen,False,DINO ROSSI,REPUBLICAN,False,total,1196164,2511094,False,20210114,REPUBLICAN
1976,PENNSYLVANIA,PA,42,23,14,US SENATE,statewide,gen,False,WILLIAM J. GREEN,DEMOCRAT,False,total,2126977,4546353,False,20210114,DEMOCRAT
1992,NORTH CAROLINA,NC,37,56,47,US SENATE,statewide,gen,False,BRUCE KIMBALL,SOCIALIST WORKERS,False,total,23,2577891,False,20210114,OTHER
1984,MAINE,ME,23,11,2,US SENATE,statewide,gen,False,P. ANN STODDARD,CONSTITUTIONALIST,False,total,4338,551406,False,20210114,OTHER
1986,CALIFORNIA,CA,6,93,71,US SENATE,statewide,gen,False,ED ZSCHAU,REPUBLICAN,False,total,3541804,7398462,False,20210114,REPUBLICAN
1992,ARIZONA,AZ,4,86,61,US SENATE,statewide,gen,False,,,True,total,26,1382051,False,20210114,OTHER
2000,MINNESOTA,MN,27,41,33,US SENATE,statewide,gen,False,DAVID DANIELS,GRASSROOTS,False,total,21447,2419520,False,20210114,OTHER
1996,MINNESOTA,MN,27,41,33,US SENATE,statewide,gen,False,PAUL WELLSTONE,DEMOCRATIC-FARMER-LABOR,False,total,1098430,2182905,False,20210114,DEMOCRAT
2006,NEVADA,NV,32,88,65,US SENATE,statewide,gen,False,JACK CARTER,DEMOCRAT,False,total,238796,582572,False,20210114,DEMOCRAT
1996,DELAWARE,DE,10,51,11,US SENATE,statewide,gen,False,JOSEPH R. BIDEN JR.,DEMOCRAT,False,total,165465,275591,False,20210114,DEMOCRAT
2020,OKLAHOMA,OK,40,73,53,US SENATE,statewide,gen,False,ROBERT MURPHY,LIBERTARIAN,False,total,34435,1556361,False,20210114,LIBERTARIAN
1996,MAINE,ME,23,11,2,US SENATE,statewide,gen,False,OTHER,,False,total,70,606777,False,20210114,OTHER
2016,ARIZONA,AZ,4,86,61,US SENATE,statewide,gen,False,,,True,total,4,2530730,False,20210114,OTHER
2016,NORTH DAKOTA,ND,38,44,36,US SENATE,statewide,gen,False,ELIOT GLASSHEIM,DEMOCRAT,False,total,58116,342501,False,20210114,DEMOCRAT
1992,GEORGIA,GA,13,58,44,US SENATE,statewide,pre,False,JIM HUDSON,LIBERTARIAN,False,total,69878,2251587,False,20210114,LIBERTARIAN
1990,NEBRASKA,NE,31,46,35,US SENATE,statewide,gen,False,J. JAMES EXON,DEMOCRAT,False,total,349779,593828,False,20210114,DEMOCRAT
2018,ARIZONA,AZ,4,86,61,US SENATE,statewide,gen,False,,,True,total,566,2384308,False,20210114,OTHER
2016,UTAH,UT,49,87,67,US SENATE,statewide,gen,False,STONEY FONUA,INDEPENDENT AMERICAN,False,total,27339,1115583,False,20210114,OTHER
2008,ARKANSAS,AR,5,71,42,US SENATE,statewide,gen,False,REBEKAH KENNEDY,GREEN,False,total,207076,1011754,False,20210114,OTHER
1994,NEW YORK,NY,36,21,13,US SENATE,statewide,gen,False,DANIEL PATRICK MOYNIHAN,LIBERAL,False,total,118154,5328486,False,20210114,OTHER
1984,ARKANSAS,AR,5,71,42,US SENATE,statewide,gen,False,DAVID PRYOR,DEMOCRAT,False,total,502341,875956,False,20210114,DEMOCRAT
2000,WEST VIRGINIA,WV,54,55,56,US SENATE,statewide,gen,False,JOE WHELAN,LIBERTARIAN,False,total,12627,603477,False,20210114,LIBERTARIAN
2012,CALIFORNIA,CA,6,93,71,US SENATE,statewide,gen,False,ELIZABETH EMKEN,REPUBLICAN,False,total,4713887,12578511,False,20210114,REPUBLICAN
2018,WYOMING,WY,56,83,68,US SENATE,statewide,gen,False,JOSEPH PORAMBO,LIBERTARIAN,False,total,5658,203420,False,20210114,LIBERTARIAN
2008,MISSISSIPPI,MS,28,64,46,US SENATE,statewide,gen,False,THAD COCHRAN,REPUBLICAN,False,total,766111,1247026,False,20210114,REPUBLICAN
2012,VERMONT,VT,50,13,6,US SENATE,statewide,gen,False,JOHN MACGOVERN,REPUBLICAN,False,total,72898,292762,False,20210114,REPUBLICAN
1992,HAWAII,HI,15,95,82,US SENATE,statewide,gen,False,RICK REED,REPUBLICAN,False,total,97928,363662,False,20210114,REPUBLICAN
2006,MINNESOTA,MN,27,41,33,US SENATE,statewide,gen,False,MICHAEL JAMES CAVLAN,GREEN,False,total,10714,2202772,False,20210114,OTHER
1986,WASHINGTON,WA,53,91,73,US SENATE,statewide,gen,False,SLADE GORTON,REPUBLICAN,False,total,650931,1337367,False,20210114,REPUBLICAN
1990,SOUTH DAKOTA,SD,46,45,37,US SENATE,statewide,gen,False,DEAN L. SINCLAIR,INDEPENDENT,False,total,6567,258976,False,20210114,OTHER
1978,RHODE ISLAND,RI,44,15,5,US SENATE,statewide,gen,False,CLAIBORNE PELL,DEMOCRAT,False,total,229557,305618,False,20210114,DEMOCRAT
1986,LOUISIANA,LA,22,72,45,US SENATE,statewide,gen,False,JOHN B. BREAUX,DEMOCRAT,False,total,723586,1369897,False,20210114,DEMOCRAT
1984,TEXAS,TX,48,74,49,US SENATE,statewide,gen,False,OTHER,,False,total,273,5314178,False,20210114,OTHER
1998,MARYLAND,MD,24,52,52,US SENATE,statewide,gen,False,ROSS Z. PIERPONT,REPUBLICAN,False,total,444637,1507447,False,20210114,REPUBLICAN
2000,NEVADA,NV,32,88,65,US SENATE,statewide,gen,False,BILL GRUTZMACHER,CITIZENS FIRST,False,total,1579,600776,False,20210114,OTHER
1992,NEVADA,NV,32,88,65,US SENATE,statewide,gen,False,LOIS AVERY,NATURAL LAW,False,total,7279,495887,False,20210114,OTHER
1990,HAWAII,HI,15,95,82,US SENATE,statewide,gen,True,KEN SCHOOLLAND,LIBERTARIAN,False,total,4787,349666,False,20210114,LIBERTARIAN
2006,NORTH DAKOTA,ND,38,44,36,US SENATE,statewide,gen,False,DWIGHT GROTBERG,REPUBLICAN,False,total,64417,218152,False,20210114,REPUBLICAN
2006,OHIO,OH,39,31,24,US SENATE,statewide,gen,False,,,True,total,830,4019236,False,20210114,OTHER
1998,NEW HAMPSHIRE,NH,33,12,4,US SENATE,statewide,gen,False,JUDD GREGG,REPUBLICAN,False,total,213477,314696,False,20210114,REPUBLICAN
2010,ILLINOIS,IL,17,33,21,US SENATE,statewide,gen,True,MIKE LABNO,LIBERTARIAN,False,total,87247,3704473,False,20210114,LIBERTARIAN
2010,NEVADA,NV,32,88,65,US SENATE,statewide,gen,False,SHARRON ANGLE,REPUBLICAN,False,total,321361,721404,False,20210114,REPUBLICAN
2020,MINNESOTA,MN,27,41,33,US SENATE,statewide,gen,False,TINA SMITH,DEMOCRAT,False,total,1566522,3214256,False,20210114,DEMOCRAT
1990,IOWA,IA,19,42,31,US SENATE,statewide,gen,False,TOM HARKIN,DEMOCRAT,False,total,535975,983933,False,20210114,DEMOCRAT
2010,NEW YORK,NY,36,21,13,US SENATE,statewide,gen,True,VIVIA MORGAN,ANTI-PROHIBITION,False,total,11787,4757635,False,20210114,OTHER
1978,NEW HAMPSHIRE,NH,33,12,4,US SENATE,statewide,gen,False,GORDON J. HUMPHREY,REPUBLICAN,False,total,133745,263760,False,20210114,REPUBLICAN
1976,NEBRASKA,NE,31,46,35,US SENATE,statewide,gen,False,JOHN Y. MCCOLLISTER,REPUBLICAN,False,total,279284,593310,False,20210114,REPUBLICAN
2002,MICHIGAN,MI,26,34,23,US SENATE,statewide,gen,False,JOHN S. MANGOPOULOS,REFORM,False,total,12831,3129287,False,20210114,OTHER
1996,NORTH CAROLINA,NC,37,56,47,US SENATE,statewide,gen,False,J. VICTOR PARDO,NATURAL LAW,False,total,11209,2556456,False,20210114,OTHER
2012,MONTANA,MT,30,81,64,US SENATE,statewide,gen,False,DAN COX,LIBERTARIAN,False,total,31892,486066,False,20210114,LIBERTARIAN
1980,WISCONSIN,WI,55,35,25,US SENATE,statewide,gen,False,BERVIN J. LARSON,LIBERTARIAN,False,total,9679,2204202,False,20210114,LIBERTARIAN
2000,NEVADA,NV,32,88,65,US SENATE,statewide,gen,False,NONE OF THESE CANDIDATES,,False,total,11503,600776,False,20210114,OTHER
1988,NEVADA,NV,32,88,65,US SENATE,statewide,gen,False,RICHARD H. BRYAN,DEMOCRAT,False,total,175548,342407,False,20210114,DEMOCRAT
2006,NORTH DAKOTA,ND,38,44,36,US SENATE,statewide,gen,False,ROLAND RIEMERS,INDEPENDENT,False,total,2194,218152,False,20210114,OTHER
1986,NORTH CAROLINA,NC,37,56,47,US SENATE,statewide,gen,True,JAMES T. (JIM) BROYHILL,REPUBLICAN,False,total,753881,1534848,False,20210114,REPUBLICAN
1986,SOUTH CAROLINA,SC,45,57,48,US SENATE,statewide,gen,False,STEVEN B. VANDERVELDE,LIBERTARIAN,False,total,4789,737962,False,20210114,LIBERTARIAN
2012,FLORIDA,FL,12,59,43,US SENATE,statewide,gen,False,NAOMI CRAINE,,True,total,19,8189946,False,20210114,OTHER
2012,NEW YORK,NY,36,21,13,US SENATE,statewide,gen,False,JOHN MANGELLI,COMMON SENSE,False,total,21985,7116628,False,20210114,OTHER
2006,TENNESSEE,TN,47,62,54,US SENATE,statewide,gen,False,JAMES ANTHONY GRAY,INDEPENDENT,False,total,14,1833695,False,20210114,OTHER
1982,TEXAS,TX,48,74,49,US SENATE,statewide,gen,False,LINEAUS HOOPER LORETTE,CITIZENS,False,total,4564,3103167,False,20210114,OTHER
1976,TEXAS,TX,48,74,49,US SENATE,statewide,gen,False,LLOYD BENTSEN,DEMOCRAT,False,total,2199956,3874230,False,20210114,DEMOCRAT
2010,OREGON,OR,41,92,72,US SENATE,statewide,gen,False,MARC DELPHINE,LIBERTARIAN,False,total,16028,1442588,False,20210114,LIBERTARIAN
1976,VIRGINIA,VA,51,54,40,US SENATE,statewide,gen,False,MARTIN H. PERPER,INDEPENDENT,False,total,70559,1557500,False,20210114,OTHER
2010,CALIFORNIA,CA,6,93,71,US SENATE,statewide,gen,False,,,True,total,5,10000160,False,20210114,OTHER
2010,CONNECTICUT,CT,9,16,1,US SENATE,statewide,gen,False,JEFF RUSSELL,,True,total,45,1153115,False,20210114,OTHER
1984,OREGON,OR,41,92,72,US SENATE,statewide,gen,False,MARGIE HENDRIKSEN,DEMOCRAT,False,total,406122,1214735,False,20210114,DEMOCRAT
1994,DELAWARE,DE,10,51,11,US SENATE,statewide,gen,False,JOHN C. DIERICKX,LIBERTARIAN,False,total,3386,199000,False,20210114,LIBERTARIAN
1986,FLORIDA,FL,12,59,43,US SENATE,statewide,gen,False,PAULA HAWKINS,REPUBLICAN,False,total,1552376,3429996,False,20210114,REPUBLICAN
1976,TEXAS,TX,48,74,49,US SENATE,statewide,gen,False,MARJORIE P. GALLION,AMERICAN,False,total,17355,3874230,False,20210114,OTHER
2008,MINNESOTA,MN,27,41,33,US SENATE,statewide,gen,False,NORM COLEMAN,REPUBLICAN,False,total,1212317,2887646,False,20210114,REPUBLICAN
1976,CALIFORNIA,CA,6,93,71,US SENATE,statewide,gen,False,S. I. (SAM) HAYAKAWA,REPUBLICAN,False,total,3748973,7470586,False,20210114,REPUBLICAN
2014,COLORADO,CO,8,84,62,US SENATE,statewide,gen,False,,,True,total,21,2041058,False,20210114,OTHER
1976,WASHINGTON,WA,53,91,73,US SENATE,statewide,gen,False,DAVE SMITH,INDEPENDENT,False,total,28182,1491111,False,20210114,OTHER
1996,NEBRASKA,NE,31,46,35,US SENATE,statewide,gen,False,BEN NELSON,DEMOCRAT,False,total,281904,661837,False,20210114,DEMOCRAT
1986,ARIZONA,AZ,4,86,61,US SENATE,statewide,gen,False,,,True,total,60,862921,False,20210114,OTHER
1978,NEW JERSEY,NJ,34,22,12,US SENATE,statewide,gen,False,WILLIAM R. THORN,INDEPENDENT,False,total,2776,1957515,False,20210114,OTHER
2016,MISSOURI,MO,29,43,34,US SENATE,statewide,gen,False,,,True,total,12,2802637,False,20210114,OTHER
1998,NEW YORK,NY,36,21,13,US SENATE,statewide,gen,False,BLANK VOTE/SCATTERING,,False,total,319072,4989877,False,20210114,OTHER
2010,NEVADA,NV,32,88,65,US SENATE,statewide,gen,False,HARRY REID,DEMOCRAT,False,total,362785,721404,False,20210114,DEMOCRAT
1996,IDAHO,ID,16,82,63,US SENATE,statewide,gen,False,MARY J. CHARBONNEAU,INDEPENDENT,False,total,10137,497233,False,20210114,OTHER
2000,WISCONSIN,WI,55,35,25,US SENATE,statewide,gen,False,SCATTER,,False,total,902,2540083,False,20210114,OTHER
1976,HAWAII,HI,15,95,82,US SENATE,statewide,gen,False,SPARK M. MATSUNAGA,DEMOCRAT,False,total,162305,302092,False,20210114,DEMOCRAT
2006,VERMONT,VT,50,13,6,US SENATE,statewide,gen,False,,,True,total,267,262419,False,20210114,OTHER
2000,WISCONSIN,WI,55,35,25,US SENATE,statewide,gen,False,TIM PETERSON,LIBERTARIAN,False,total,21348,2540083,False,20210114,LIBERTARIAN
2008,WYOMING,WY,56,83,68,US SENATE,statewide,gen,False,OVER VOTE,,False,total,61,250007,False,20210114,OTHER
2000,RHODE ISLAND,RI,44,15,5,US SENATE,statewide,gen,False,ROBERT A. WEYGAND,DEMOCRAT,False,total,161023,391353,False,20210114,DEMOCRAT
2000,MICHIGAN,MI,26,34,23,US SENATE,statewide,gen,False,MATTHEW R. ABEL,GREEN,False,total,37542,4167685,False,20210114,OTHER
1990,TENNESSEE,TN,47,62,54,US SENATE,statewide,gen,False,BILL JACOX,INDEPENDENT,False,total,11191,783922,False,20210114,OTHER
2008,NEW JERSEY,NJ,34,22,12,US SENATE,statewide,gen,False,DICK ZIMMER,REPUBLICAN,False,total,1461025,3482445,False,20210114,REPUBLICAN
1976,OHIO,OH,39,31,24,US SENATE,statewide,gen,False,HOWARD M. METZENBAUM,DEMOCRAT,False,total,1941113,3920613,False,20210114,DEMOCRAT
2006,DELAWARE,DE,10,51,11,US SENATE,statewide,gen,False,WILLIAM E. MORRIS,LIBERTARIAN,False,total,2671,242972,False,20210114,LIBERTARIAN
2016,LOUISIANA,LA,22,72,45,US SENATE,statewide,gen,False,JOSHUA PELLERIN,DEMOCRAT,False,total,7395,1997218,False,20210114,DEMOCRAT
2010,COLORADO,CO,8,84,62,US SENATE,statewide,gen,False,"MACLYN ""MAC"" STRINGER",LIBERTARIAN,False,total,22589,1772286,False,20210114,LIBERTARIAN
1986,NEW HAMPSHIRE,NH,33,12,4,US SENATE,statewide,gen,False,WARREN B. RUDMAN,REPUBLICAN,False,total,154090,244735,False,20210114,REPUBLICAN
2010,MISSOURI,MO,29,43,34,US SENATE,statewide,gen,False,,,True,total,3,1943899,False,20210114,OTHER
1992,CONNECTICUT,CT,9,16,1,US SENATE,statewide,gen,False,RICHARD D. GREGORY,CONCERNED CITIZENS,False,total,35315,1500661,False,20210114,OTHER
2014,WYOMING,WY,56,83,68,US SENATE,statewide,gen,False,,,True,total,471,171153,False,20210114,OTHER
2020,WEST VIRGINIA,WV,54,55,56,US SENATE,statewide,gen,False,DAVID MORAN,LIBERTARIAN,False,total,21155,778918,False,20210114,LIBERTARIAN
2010,NEW YORK,NY,36,21,13,US SENATE,statewide,gen,False,BLANK VOTE/SCATTERING,,False,total,168384,4763899,False,20210114,OTHER
1984,NEW JERSEY,NJ,34,22,12,US SENATE,statewide,gen,False,JASPER C. GOULD,CONTEMPT OF COURT,False,total,2891,3096456,False,20210114,OTHER
1994,MASSACHUSETTS,MA,25,14,3,US SENATE,statewide,gen,False,W. MITT ROMNEY,REPUBLICAN,False,total,894000,2179945,False,20210114,REPUBLICAN
2014,MINNESOTA,MN,27,41,33,US SENATE,statewide,gen,False,MIKE MCFADDEN,REPUBLICAN,False,total,850227,1981528,False,20210114,REPUBLICAN
2016,COLORADO,CO,8,84,62,US SENATE,statewide,gen,False,DARRYL GLENN,REPUBLICAN,False,total,1215318,2743023,False,20210114,REPUBLICAN
1988,UTAH,UT,49,87,67,US SENATE,statewide,gen,False,BRIAN H. MOSS,DEMOCRAT,False,total,203364,640702,False,20210114,DEMOCRAT
2020,RHODE ISLAND,RI,44,15,5,US SENATE,statewide,gen,False,ALLEN R. WATERS,REPUBLICAN,False,total,164855,494262,False,20210114,REPUBLICAN
1978,MONTANA,MT,30,81,64,US SENATE,statewide,gen,False,LARRY WILLIAMS,REPUBLICAN,False,total,127589,287942,False,20210114,REPUBLICAN
2018,OHIO,OH,39,31,24,US SENATE,statewide,gen,False,JIM RENACCI,REPUBLICAN,False,total,2053963,4410898,False,20210114,REPUBLICAN
1992,SOUTH DAKOTA,SD,46,45,37,US SENATE,statewide,gen,False,THOMAS A. DASCHLE,DEMOCRAT,False,total,217095,334495,False,20210114,DEMOCRAT
1976,MASSACHUSETTS,MA,25,14,3,US SENATE,statewide,gen,False,MICHAEL S. ROBERTSON,REPUBLICAN,False,total,722641,2491255,False,20210114,REPUBLICAN
1992,ILLINOIS,IL,17,33,21,US SENATE,statewide,gen,False,ANDREW B. SPIEGEL,LIBERTARIAN,False,total,34527,4939558,False,20210114,LIBERTARIAN
2004,WASHINGTON,WA,53,91,73,US SENATE,statewide,gen,False,MARK B. WILSON,GREEN,False,total,30304,2818651,False,20210114,OTHER
2010,MARYLAND,MD,24,52,52,US SENATE,statewide,gen,False,,,True,total,6,1833858,False,20210114,OTHER
2016,MARYLAND,MD,24,52,52,US SENATE,statewide,gen,False,,,True,total,77,2726170,False,20210114,OTHER
1996,NEW JERSEY,NJ,34,22,12,US SENATE,statewide,gen,False,MARK WISE,INDEPENDENT,False,total,13683,2883466,False,20210114,OTHER
2018,MICHIGAN,MI,26,34,23,US SENATE,statewide,gen,False,JOHN HOWARD WILHELM,NATURAL LAW,False,total,16502,4237271,False,20210114,OTHER
2012,MICHIGAN,MI,26,34,23,US SENATE,statewide,gen,False,JOHN D. LITLE,NATURAL LAW,False,total,11229,4652918,False,20210114,OTHER
2008,TENNESSEE,TN,47,62,54,US SENATE,statewide,gen,False,EDWARD L. BUCK,INDEPENDENT,False,total,31631,2424585,False,20210114,OTHER
1990,MONTANA,MT,30,81,64,US SENATE,statewide,gen,False,WESTLEY F. DEITCHLER,LIBERTARIAN,False,total,7937,319336,False,20210114,LIBERTARIAN
1988,NORTH DAKOTA,ND,38,44,36,US SENATE,statewide,gen,False,KENNETH C. GARDNER,LIBERTARIAN,False,total,4334,289170,False,20210114,LIBERTARIAN
1984,COLORADO,CO,8,84,62,US SENATE,statewide,gen,False,"WILLIAM L. ""BILL"" ARMSTRONG",REPUBLICAN,False,total,833821,1297809,False,20210114,REPUBLICAN
1986,SOUTH CAROLINA,SC,45,57,48,US SENATE,statewide,gen,False,ERNEST FRITZ HOLLINGS,DEMOCRAT,False,total,465500,737962,False,20210114,DEMOCRAT
2012,NEVADA,NV,32,88,65,US SENATE,statewide,gen,False,DAVID LORY VANDERBEEK,INDEPENDENT AMERICAN,False,total,48792,997805,False,20210114,OTHER
2004,KANSAS,KS,20,47,32,US SENATE,statewide,gen,False,STEVEN A. ROSILE,LIBERTARIAN,False,total,21842,1129022,False,20210114,LIBERTARIAN
1988,NEW YORK,NY,36,21,13,US SENATE,statewide,gen,False,ROBERT R. MCMILLAN,REPUBLICAN,False,total,1686558,6040980,False,20210114,REPUBLICAN
1998,OREGON,OR,41,92,72,US SENATE,statewide,gen,False,JIM BREWSTER,LIBERTARIAN,False,total,18221,1117747,False,20210114,LIBERTARIAN
1990,MINNESOTA,MN,27,41,33,US SENATE,statewide,gen,False,RUSSELL B. BENTLEY,GRASSROOTS,False,total,29820,1808045,False,20210114,OTHER
2018,TENNESSEE,TN,47,62,54,US SENATE,statewide,gen,False,MARSHA BLACKBURN,REPUBLICAN,False,total,1227483,2243740,False,20210114,REPUBLICAN
1994,RHODE ISLAND,RI,44,15,5,US SENATE,statewide,gen,False,JOHN H. CHAFEE,REPUBLICAN,False,total,222856,345388,False,20210114,REPUBLICAN
2010,CALIFORNIA,CA,6,93,71,US SENATE,statewide,gen,False,CARLY FIORINA,REPUBLICAN,False,total,4217366,10000160,False,20210114,REPUBLICAN
2008,NEBRASKA,NE,31,46,35,US SENATE,statewide,gen,False,MIKE JOHANNS,REPUBLICAN,False,total,455854,792511,False,20210114,REPUBLICAN
2002,LOUISIANA,LA,22,72,45,US SENATE,statewide,gen,False,MARY L. LANDRIEU,DEMOCRAT,False,total,573347,2481629,False,20210114,DEMOCRAT
1990,NEW MEXICO,NM,35,85,66,US SENATE,statewide,gen,False,PETE V. DOMENICI,REPUBLICAN,False,total,296712,406938,False,20210114,REPUBLICAN
2010,CONNECTICUT,CT,9,16,1,US SENATE,statewide,gen,False,RICHARD BLUMENTHAL,DEMOCRAT,False,total,605204,1153115,False,20210114,DEMOCRAT
2018,NEW YORK,NY,36,21,13,US SENATE,statewide,gen,False,CHELE CHIAVACCI FARLEY,REPUBLICAN,False,total,1730439,6055151,False,20210114,REPUBLICAN
1990,WEST VIRGINIA,WV,54,55,56,US SENATE,statewide,gen,False,JOHN D. ROCKEFELLER IV,DEMOCRAT,False,total,276234,404305,False,20210114,DEMOCRAT
2016,OHIO,OH,39,31,24,US SENATE,statewide,gen,False,ROB PORTMAN,REPUBLICAN,False,total,3118567,5374164,False,20210114,REPUBLICAN
1996,SOUTH DAKOTA,SD,46,45,37,US SENATE,statewide,gen,False,TIM JOHNSON,DEMOCRAT,False,total,166533,324487,False,20210114,DEMOCRAT
1982,NORTH DAKOTA,ND,38,44,36,US SENATE,statewide,gen,False,ANNA B. BOURGOIS,"GOD, FAMILY, AND COUNTRY",False,total,8288,262465,False,20210114,OTHER
1988,NEBRASKA,NE,31,46,35,US SENATE,statewide,gen,False,DAVE KARNES,REPUBLICAN,False,total,278250,667860,False,20210114,REPUBLICAN
2016,HAWAII,HI,15,95,82,US SENATE,statewide,gen,False,OVER VOTE,,False,total,339,437664,False,20210114,OTHER
2010,ARIZONA,AZ,4,86,61,US SENATE,statewide,gen,False,,,True,total,7,1708484,False,20210114,OTHER
1982,INDIANA,IN,18,32,22,US SENATE,statewide,gen,False,FLOYD J. FITHIAN,DEMOCRAT,False,total,828400,1817287,False,20210114,DEMOCRAT
2002,MASSACHUSETTS,MA,25,14,3,US SENATE,statewide,gen,False,JOHN F. KERRY,DEMOCRAT,False,total,1605976,2220301,False,20210114,DEMOCRAT
2010,NORTH DAKOTA,ND,38,44,36,US SENATE,statewide,gen,False,KEITH J. HANSON,LIBERTARIAN,False,total,3890,238534,False,20210114,LIBERTARIAN
1978,ALABAMA,AL,1,63,41,US SENATE,statewide,gen,False,JEROME B. COUCH,PROHIBITION,False,total,34951,582005,False,20210114,OTHER
1986,NEVADA,NV,32,88,65,US SENATE,statewide,gen,False,JIM SANTINI,REPUBLICAN,False,total,116606,261932,False,20210114,REPUBLICAN
1998,NORTH DAKOTA,ND,38,44,36,US SENATE,statewide,gen,False,BYRON L. DORGAN,DEMOCRAT,False,total,134747,213358,False,20210114,DEMOCRAT
2006,WISCONSIN,WI,55,35,25,US SENATE,statewide,gen,False,RAE VOGELER,WISCONSIN GREEN,False,total,42434,2138297,False,20210114,OTHER
1976,MICHIGAN,MI,26,34,23,US SENATE,statewide,gen,False,BETTE JANE ERWIN,LIBERTARIAN,False,total,8842,3490412,False,20210114,LIBERTARIAN
1992,ARIZONA,AZ,4,86,61,US SENATE,statewide,gen,False,ED FINKELSTEIN,NEW ALLIANCE,False,total,6335,1382051,False,20210114,OTHER
1982,PENNSYLVANIA,PA,42,23,14,US SENATE,statewide,gen,False,BARBARA I. KARKUTT,LIBERTARIAN,False,total,19244,3604108,False,20210114,LIBERTARIAN
2018,VERMONT,VT,50,13,6,US SENATE,statewide,gen,False,BRAD J. PEACOCK,INDEPENDENT,False,total,3787,272624,False,20210114,OTHER
1988,WISCONSIN,WI,55,35,25,US SENATE,statewide,gen,False,SUSAN ENGELEITER,REPUBLICAN,False,total,1030440,2168190,False,20210114,REPUBLICAN
1996,TENNESSEE,TN,47,62,54,US SENATE,statewide,gen,False,GREG SAMPLES,INDEPENDENT,False,total,4104,1778664,False,20210114,OTHER
2018,UTAH,UT,49,87,67,US SENATE,statewide,gen,False,CRAIG R. BOWDEN,LIBERTARIAN,False,total,27607,1062845,False,20210114,LIBERTARIAN
1998,PENNSYLVANIA,PA,42,23,14,US SENATE,statewide,gen,False,JACK IANNANTUONO,LIBERTARIAN,False,total,46103,2957499,False,20210114,LIBERTARIAN
1978,WEST VIRGINIA,WV,54,55,56,US SENATE,statewide,gen,False,ARCH A. MOORE JR. ,REPUBLICAN,False,total,244317,493351,False,20210114,REPUBLICAN
1990,NEW JERSEY,NJ,34,22,12,US SENATE,statewide,gen,False,JOHN L. KUCEK,POPULIST,False,total,19978,1938454,False,20210114,OTHER
1982,WYOMING,WY,56,83,68,US SENATE,statewide,gen,False,MALCOLM WALLOP,REPUBLICAN,False,total,94725,167191,False,20210114,REPUBLICAN
2002,VIRGINIA,VA,51,54,40,US SENATE,statewide,gen,False,,,True,total,8371,1489422,False,20210114,OTHER
2000,NEVADA,NV,32,88,65,US SENATE,statewide,gen,False,ERNIE BERGHOF,INDEPENDENT AMERICAN,False,total,2540,600776,False,20210114,OTHER
1978,NEW JERSEY,NJ,34,22,12,US SENATE,statewide,gen,False,ROBERT BROWN,LABOR,False,total,3656,1957515,False,20210114,OTHER
2018,MISSOURI,MO,29,43,34,US SENATE,statewide,gen,False,CRAIG O'DEAR,INDEPENDENT,False,total,34398,2442289,False,20210114,OTHER
2016,OKLAHOMA,OK,40,73,53,US SENATE,statewide,gen,False,ROBERT T. MURPHY,LIBERTARIAN,False,total,43421,1448047,False,20210114,LIBERTARIAN
2002,TEXAS,TX,48,74,49,US SENATE,statewide,gen,False,,,True,total,1422,4514012,False,20210114,OTHER
1992,IDAHO,ID,16,82,63,US SENATE,statewide,gen,False,DIRK KEMPTHORNE,REPUBLICAN,False,total,270468,478504,False,20210114,REPUBLICAN
1976,NEW YORK,NY,36,21,13,US SENATE,statewide,gen,False,MARTIN E. NIXON,LIBERTARIAN,False,total,10943,6666875,False,20210114,LIBERTARIAN
2000,MAINE,ME,23,11,2,US SENATE,statewide,gen,False,MARK W. LAWRENCE,DEMOCRAT,False,total,197183,634872,False,20210114,DEMOCRAT
1980,GEORGIA,GA,13,58,44,US SENATE,statewide,gen,False,MACK MATTINGLY,REPUBLICAN,False,total,803686,1579829,False,20210114,REPUBLICAN
2002,ALASKA,AK,2,94,81,US SENATE,statewide,gen,False,FRANK VONDERSAAR,DEMOCRAT,False,total,24133,229548,False,20210114,DEMOCRAT
1998,COLORADO,CO,8,84,62,US SENATE,statewide,gen,False,BEN NIGHTHORSE CAMPBELL,REPUBLICAN,False,total,829370,1327235,False,20210114,REPUBLICAN
2016,ALASKA,AK,2,94,81,US SENATE,statewide,gen,False,TED GIANOUTSOS,INDEPENDENT,False,total,1758,311441,False,20210114,OTHER
2010,IDAHO,ID,16,82,63,US SENATE,statewide,gen,False,,,True,total,91,449530,False,20210114,OTHER
2012,MAINE,ME,23,11,2,US SENATE,statewide,gen,False,ANGUS KING,INDEPENDENT FOR MAINE,False,total,370580,724720,False,20210114,OTHER
1982,DELAWARE,DE,10,51,11,US SENATE,statewide,gen,False,LAWRENCE D. SULLIVAN,LIBERTARIAN,False,total,653,190960,False,20210114,LIBERTARIAN
2016,IOWA,IA,19,42,31,US SENATE,statewide,gen,False,,,True,total,1685,1541036,False,20210114,OTHER
2020,VIRGINIA,VA,51,54,40,US SENATE,statewide,gen,False,DANIEL M. GADE,REPUBLICAN,False,total,1934199,4405087,False,20210114,REPUBLICAN
1990,MINNESOTA,MN,27,41,33,US SENATE,statewide,gen,False,,,True,total,1851,1808045,False,20210114,OTHER
1976,MASSACHUSETTS,MA,25,14,3,US SENATE,statewide,gen,False,H. GRAHAM LOWRY,U.S. LABOR,False,total,15517,2491255,False,20210114,OTHER
1998,MISSOURI,MO,29,43,34,US SENATE,statewide,gen,False,JEREMIAH W. (JAY) NIXON,DEMOCRAT,False,total,690208,1576857,False,20210114,DEMOCRAT
1996,VIRGINIA,VA,51,54,40,US SENATE,statewide,gen,False,JOHN W. WARNER,REPUBLICAN,False,total,1235744,2354715,False,20210114,REPUBLICAN
1996,OKLAHOMA,OK,40,73,53,US SENATE,statewide,gen,False,CHRIS NEDBALEK,INDEPENDENT,False,total,8691,1183150,False,20210114,OTHER
2000,VERMONT,VT,50,13,6,US SENATE,statewide,gen,False,HUGH DOUGLAS,LIBERTARIAN,False,total,3843,288500,False,20210114,LIBERTARIAN
2002,IDAHO,ID,16,82,63,US SENATE,statewide,gen,False,LARRY E. CRAIG,REPUBLICAN,False,total,266215,408544,False,20210114,REPUBLICAN
2016,CALIFORNIA,CA,6,93,71,US SENATE,statewide,gen,False,LORETTA SANCHEZ,DEMOCRAT,False,total,4701417,12244170,False,20210114,DEMOCRAT
1978,MASSACHUSETTS,MA,25,14,3,US SENATE,statewide,gen,False,PAUL E. TSONGAS,DEMOCRAT,False,total,1093283,1985700,False,20210114,DEMOCRAT
1978,IOWA,IA,19,42,31,US SENATE,statewide,gen,False,DICK CLARK,DEMOCRAT,False,total,395066,824576,False,20210114,DEMOCRAT
2000,MISSOURI,MO,29,43,34,US SENATE,statewide,gen,False,EVALINE TAYLOR,GREEN,False,total,10612,2361586,False,20210114,OTHER
2000,FLORIDA,FL,12,59,43,US SENATE,statewide,gen,False,JOE SIMONETTA,NATURAL LAW,False,total,26087,5856731,False,20210114,OTHER
2020,MISSISSIPPI,MS,28,64,46,US SENATE,statewide,gen,False,CINDY HYDE-SMITH,REPUBLICAN,False,total,709511,1311354,False,20210114,REPUBLICAN
1996,ILLINOIS,IL,17,33,21,US SENATE,statewide,gen,False,,,True,total,4228,4250722,False,20210114,OTHER
2000,NEW YORK,NY,36,21,13,US SENATE,statewide,gen,False,RICK LAZIO,REPUBLICAN,False,total,2724589,6959662,False,20210114,REPUBLICAN
2006,WISCONSIN,WI,55,35,25,US SENATE,statewide,gen,False,ROBERT GERALD LORGE,REPUBLICAN,False,total,630299,2138297,False,20210114,REPUBLICAN
2004,ALABAMA,AL,1,63,41,US SENATE,statewide,gen,False,RICHARD C. SHELBY,REPUBLICAN,False,total,1242200,1839066,False,20210114,REPUBLICAN
2016,LOUISIANA,LA,22,72,45,US SENATE,statewide,gen,False,FOSTER CAMPBELL,DEMOCRAT,False,total,347816,1997218,False,20210114,DEMOCRAT
2008,NORTH CAROLINA,NC,37,56,47,US SENATE,statewide,gen,False,,,True,total,1719,4271970,False,20210114,OTHER
2000,MISSISSIPPI,MS,28,64,46,US SENATE,statewide,gen,False,LEWIS NAPPER,LIBERTARIAN,False,total,8454,994144,False,20210114,LIBERTARIAN
2000,NEW JERSEY,NJ,34,22,12,US SENATE,statewide,gen,False,NANCY ROSENSTOCK,INDEPENDENT,False,total,3309,3015662,False,20210114,OTHER
1976,NEVADA,NV,32,88,65,US SENATE,statewide,gen,False,OTHER,,False,total,5288,201899,False,20210114,OTHER
2014,MASSACHUSETTS,MA,25,14,3,US SENATE,statewide,gen,False,EDWARD J. MARKEY,DEMOCRAT,False,total,1289944,2186789,False,20210114,DEMOCRAT
2010,CONNECTICUT,CT,9,16,1,US SENATE,statewide,gen,False,RICHARD BLUMENTHAL,WORKING FAMILIES,False,total,30836,1153115,False,20210114,OTHER
2008,NEW JERSEY,NJ,34,22,12,US SENATE,statewide,gen,False,JASON SCHEURER,LIBERTARIAN,False,total,18810,3482445,False,20210114,LIBERTARIAN
1992,ARIZONA,AZ,4,86,61,US SENATE,statewide,gen,False,KIANA DELAMARE,LIBERTARIAN,False,total,22613,1382051,False,20210114,LIBERTARIAN
1990,NORTH CAROLINA,NC,37,56,47,US SENATE,statewide,gen,False,,,True,total,681,2069585,False,20210114,OTHER
2014,WEST VIRGINIA,WV,54,55,56,US SENATE,statewide,gen,False,,,True,total,10,453689,False,20210114,OTHER
1982,CONNECTICUT,CT,9,16,1,US SENATE,statewide,gen,False,"LUCIEN P. DIFAZIO, JR.",CONSERVATIVE,False,total,30212,1083508,False,20210114,OTHER
1992,IOWA,IA,19,42,31,US SENATE,statewide,gen,False,SUE ATKINSON,,False,total,6277,1292494,False,20210114,OTHER
1980,OHIO,OH,39,31,24,US SENATE,statewide,gen,False,JOHN GLENN,DEMOCRAT,False,total,2770786,4027303,False,20210114,DEMOCRAT
1992,WISCONSIN,WI,55,35,25,US SENATE,statewide,gen,False,ROBERT L. KUNDERT,INDEPENDENT,False,total,2747,2455124,False,20210114,OTHER
1996,OREGON,OR,41,92,72,US SENATE,statewide,gen,False,PAUL (STORMY) MOHN,LIBERTARIAN,False,total,12697,1360230,False,20210114,LIBERTARIAN
1998,NORTH CAROLINA,NC,37,56,47,US SENATE,statewide,gen,False,LAUCH FAIRCLOTH,REPUBLICAN,False,total,945943,2012143,False,20210114,REPUBLICAN
1990,TEXAS,TX,48,74,49,US SENATE,statewide,gen,False,HUGH PARMER,DEMOCRAT,False,total,1429986,3822157,False,20210114,DEMOCRAT
1998,GEORGIA,GA,13,58,44,US SENATE,statewide,gen,False,BERTIL ARMIN LOFTMAN,LIBERTARIAN,False,total,43467,1753953,False,20210114,LIBERTARIAN
2012,NEW JERSEY,NJ,34,22,12,US SENATE,statewide,gen,False,KENNETH R. KAPLAN,LIBERTARIAN,False,total,16803,3376649,False,20210114,LIBERTARIAN
1996,IOWA,IA,19,42,31,US SENATE,statewide,gen,False,TOM HARKIN,DEMOCRAT,False,total,634166,1224054,False,20210114,DEMOCRAT
2018,DELAWARE,DE,10,51,11,US SENATE,statewide,gen,False,DEMITRI G THEODOROPOULOS,GREEN,False,total,4170,362592,False,20210114,OTHER
1996,TENNESSEE,TN,47,62,54,US SENATE,statewide,gen,False,ROBERT O. WATSON,INDEPENDENT,False,total,5569,1778664,False,20210114,OTHER
2000,NEW JERSEY,NJ,34,22,12,US SENATE,statewide,gen,False,DENNIS A. BREEN,INDEPENDENT,False,total,6061,3015662,False,20210114,OTHER
2018,VIRGINIA,VA,51,54,40,US SENATE,statewide,gen,False,COREY A. STEWART,REPUBLICAN,False,total,1374313,3351373,False,20210114,REPUBLICAN
2014,MICHIGAN,MI,26,34,23,US SENATE,statewide,gen,False,RICHARD A. MATKIN,U.S. TAXPAYERS,False,total,37529,3121771,False,20210114,OTHER
2004,MARYLAND,MD,24,52,52,US SENATE,statewide,gen,False,E. J. PIPKIN,REPUBLICAN,False,total,783055,2321931,False,20210114,REPUBLICAN
2016,OREGON,OR,41,92,72,US SENATE,statewide,gen,False,ERIC NAVICKAS,PACIFIC GREEN,False,total,48823,1952478,False,20210114,OTHER
2010,ILLINOIS,IL,17,33,21,US SENATE,statewide,gen,True,"ALEXANDER ""ALEXI"" GIANNOULIAS",DEMOCRAT,False,total,1719478,3704473,False,20210114,DEMOCRAT
1978,MINNESOTA,MN,27,41,33,US SENATE,statewide,gen,False,WENDELL ANDERSON,DEMOCRAT,False,total,638375,1580622,False,20210114,DEMOCRAT
1996,IOWA,IA,19,42,31,US SENATE,statewide,gen,False,JIM LIGHTFOOT,REPUBLICAN,False,total,571807,1224054,False,20210114,REPUBLICAN
2014,IDAHO,ID,16,82,63,US SENATE,statewide,gen,False,JAMES E. RISCH,REPUBLICAN,False,total,285596,437170,False,20210114,REPUBLICAN
1982,INDIANA,IN,18,32,22,US SENATE,statewide,gen,False,RAYMOND JAMES,AMERICAN,False,total,10586,1817287,False,20210114,OTHER
2010,WASHINGTON,WA,53,91,73,US SENATE,statewide,gen,False,PATTY MURRAY,DEMOCRAT,False,total,1314930,2511094,False,20210114,DEMOCRAT
1986,NEW YORK,NY,36,21,13,US SENATE,statewide,gen,False,ALFONSE M. D'AMATO,CONSERVATIVE,False,total,212101,4484859,False,20210114,OTHER
1990,HAWAII,HI,15,95,82,US SENATE,statewide,gen,True,PATRICIA F. SAIKI,REPUBLICAN,False,total,155978,349666,False,20210114,REPUBLICAN
1994,TENNESSEE,TN,47,62,54,US SENATE,statewide,gen,True,CHARLES N. HANCOCK,INDEPENDENT,False,total,4169,1465862,False,20210114,OTHER
2020,OKLAHOMA,OK,40,73,53,US SENATE,statewide,gen,False,ABBY BROYLES,DEMOCRAT,False,total,509763,1556361,False,20210114,DEMOCRAT
1996,COLORADO,CO,8,84,62,US SENATE,statewide,gen,False,TOM STRICKLAND,DEMOCRAT,False,total,667600,1459601,False,20210114,DEMOCRAT
1992,PENNSYLVANIA,PA,42,23,14,US SENATE,statewide,gen,False,LYNN YEAKEL,DEMOCRAT,False,total,2224966,4802410,False,20210114,DEMOCRAT
2008,NEW JERSEY,NJ,34,22,12,US SENATE,statewide,gen,False,FRANK R. LAUTENBERG,DEMOCRAT,False,total,1951218,3482445,False,20210114,DEMOCRAT
2014,NEW JERSEY,NJ,34,22,12,US SENATE,statewide,gen,False,JOSEPH BARATELLI,LIBERTARIAN,False,total,16721,1869535,False,20210114,LIBERTARIAN
2016,ILLINOIS,IL,17,33,21,US SENATE,statewide,gen,False,,,True,total,42,5491878,False,20210114,OTHER
2002,LOUISIANA,LA,22,72,45,US SENATE,statewide,gen,False,JOHN COOKSEY,REPUBLICAN,False,total,171752,2481629,False,20210114,REPUBLICAN
2020,KENTUCKY,KY,21,61,51,US SENATE,statewide,gen,False,DEMETRA WYSINGER,,True,total,1,2135057,False,20210114,OTHER
1978,TENNESSEE,TN,47,62,54,US SENATE,statewide,gen,False,FERN LUCIUS KEASLER,INDEPENDENT,False,total,2243,1157094,False,20210114,OTHER
1976,NEW YORK,NY,36,21,13,US SENATE,statewide,gen,False,OTHER,,False,total,348498,6666875,False,20210114,OTHER
2004,CALIFORNIA,CA,6,93,71,US SENATE,statewide,gen,False,DON J. GRUNDMANN,AMERICAN INDEPENDENT,False,total,81224,12053295,False,20210114,OTHER
2008,IOWA,IA,19,42,31,US SENATE,statewide,gen,False,TOM HARKIN,DEMOCRAT,False,total,941665,1502918,False,20210114,DEMOCRAT
1982,WASHINGTON,WA,53,91,73,US SENATE,statewide,gen,False,DOUG JEWETT,REPUBLICAN,False,total,332273,1368476,False,20210114,REPUBLICAN
2002,ALASKA,AK,2,94,81,US SENATE,statewide,gen,False,TED STEVENS,REPUBLICAN,False,total,179438,229548,False,20210114,REPUBLICAN
1992,ARIZONA,AZ,4,86,61,US SENATE,statewide,gen,False,CLAIRE SARGENT,DEMOCRAT,False,total,436321,1382051,False,20210114,DEMOCRAT
2018,NEVADA,NV,32,88,65,US SENATE,statewide,gen,False,BARRY MICHAELS,INDEPENDENT,False,total,9269,972132,False,20210114,OTHER
2016,FLORIDA,FL,12,59,43,US SENATE,statewide,gen,False,BASIL E. DALACK,NONE,False,total,22236,9301820,False,20210114,OTHER
2008,WEST VIRGINIA,WV,54,55,56,US SENATE,statewide,gen,False,,,True,total,83,702308,False,20210114,OTHER
2018,ARIZONA,AZ,4,86,61,US SENATE,statewide,gen,False,KYRSTEN SINEMA,DEMOCRAT,False,total,1191100,2384308,False,20210114,DEMOCRAT
2010,OHIO,OH,39,31,24,US SENATE,statewide,gen,False,ERIC W. DEATON,CONSTITUTION,False,total,65856,3815098,False,20210114,OTHER
2020,GEORGIA,GA,13,58,44,US SENATE,statewide,gen,True,ED TARVER,DEMOCRAT,False,total,26333,4914361,False,20210114,DEMOCRAT
1980,KENTUCKY,KY,21,61,51,US SENATE,statewide,gen,False,MARY LOUISE FOUST,REPUBLICAN,False,total,386029,1106920,False,20210114,REPUBLICAN
2004,MARYLAND,MD,24,52,52,US SENATE,statewide,gen,False,,,True,total,47,2321931,False,20210114,OTHER
2020,LOUISIANA,LA,22,72,45,US SENATE,statewide,gen,False,JAMAR MONTGOMERY,UNAFFILIATED,False,total,5804,2071543,False,20210114,OTHER
1984,NEW JERSEY,NJ,34,22,12,US SENATE,statewide,gen,False,HAROLD F. LEIENDECKER,LIBERTARIAN,False,total,7135,3096456,False,20210114,LIBERTARIAN
2000,MASSACHUSETTS,MA,25,14,3,US SENATE,statewide,gen,False,PHILIP F. LAWLER,CONSTITUTION,False,total,42113,2734048,False,20210114,OTHER
2002,MICHIGAN,MI,26,34,23,US SENATE,statewide,gen,False,CARL LEVIN,DEMOCRAT,False,total,1896614,3129287,False,20210114,DEMOCRAT
2020,ARIZONA,AZ,4,86,61,US SENATE,statewide,gen,True,MATTHEW HAUPT,INDEPENDENT,True,total,37,3355307,False,20210114,OTHER
2010,GEORGIA,GA,13,58,44,US SENATE,statewide,gen,False,JOHNNY ISAKSON,REPUBLICAN,False,total,1489904,2555258,False,20210114,REPUBLICAN
2020,NEW HAMPSHIRE,NH,33,12,4,US SENATE,statewide,gen,False,,,True,total,486,795914,False,20210114,OTHER
2010,NEW YORK,NY,36,21,13,US SENATE,statewide,gen,True,JOSEPH J. DIOGUARDI,REPUBLICAN,False,total,1338308,4757635,False,20210114,REPUBLICAN
1992,ARIZONA,AZ,4,86,61,US SENATE,statewide,gen,False,JOHN MCCAIN,REPUBLICAN,False,total,771395,1382051,False,20210114,REPUBLICAN
2002,NEW MEXICO,NM,35,85,66,US SENATE,statewide,gen,False,GLORIA TRISTANI,DEMOCRAT,False,total,168863,483056,False,20210114,DEMOCRAT
2012,WISCONSIN,WI,55,35,25,US SENATE,statewide,gen,False,,,True,total,70,3009411,False,20210114,OTHER
2012,VERMONT,VT,50,13,6,US SENATE,statewide,gen,False,,,True,total,252,292762,False,20210114,OTHER
2018,NEW YORK,NY,36,21,13,US SENATE,statewide,gen,False,CHELE CHIAVACCI FARLEY,CONSERVATIVE,False,total,246171,6055151,False,20210114,OTHER
2018,MISSISSIPPI,MS,28,64,46,US SENATE,statewide,gen,False,SHAWN O'HARA,REFORM,False,total,6048,936215,False,20210114,OTHER
1992,NEW YORK,NY,36,21,13,US SENATE,statewide,gen,False,ROBERT ABRAMS,LIBERAL,False,total,143199,7078805,False,20210114,OTHER
2010,COLORADO,CO,8,84,62,US SENATE,statewide,gen,False,,,True,total,19,1772286,False,20210114,OTHER
1996,ALASKA,AK,2,94,81,US SENATE,statewide,gen,False,,,True,total,1009,231916,False,20210114,OTHER
1984,ILLINOIS,IL,17,33,21,US SENATE,statewide,gen,False,ISHMAEL FLORY,COMMUNIST,False,total,4802,4787335,False,20210114,OTHER
1998,ARIZONA,AZ,4,86,61,US SENATE,statewide,gen,False,JOHN C. ZAJAC,LIBERTARIAN,False,total,23004,1013280,False,20210114,LIBERTARIAN
1998,KENTUCKY,KY,21,61,51,US SENATE,statewide,gen,False,CHARLES R. ARBEGUST,REFORM,False,total,12546,1145414,False,20210114,OTHER
2014,RHODE ISLAND,RI,44,15,5,US SENATE,statewide,gen,False,MARK S. ZACCARIA,REPUBLICAN,False,total,92684,316898,False,20210114,REPUBLICAN
1994,NEBRASKA,NE,31,46,35,US SENATE,statewide,gen,False,JAN STONEY,REPUBLICAN,False,total,260668,579205,False,20210114,REPUBLICAN
2020,DELAWARE,DE,10,51,11,US SENATE,statewide,gen,False,NADINE M. FROST,LIBERTARIAN,False,total,5244,490935,False,20210114,LIBERTARIAN
2010,LOUISIANA,LA,22,72,45,US SENATE,statewide,gen,False,SAM HOUSTON MELTON,NO PARTY,False,total,3780,1264994,False,20210114,OTHER
1986,LOUISIANA,LA,22,72,45,US SENATE,statewide,gen,False,W. HENSON MOORE,REPUBLICAN,False,total,646311,1369897,False,20210114,REPUBLICAN
1988,MINNESOTA,MN,27,41,33,US SENATE,statewide,gen,False,"HUBERT H. ""SKIP"" HUMPHREY III",DEMOCRATIC-FARMER-LABOR,False,total,856694,2093953,False,20210114,DEMOCRAT
2010,IOWA,IA,19,42,31,US SENATE,statewide,gen,False,,,True,total,872,1116063,False,20210114,OTHER
2004,SOUTH CAROLINA,SC,45,57,48,US SENATE,statewide,gen,False,,,True,total,1286,1597221,False,20210114,OTHER
2018,MISSISSIPPI,MS,28,64,46,US SENATE,statewide,gen,True,CINDY HYDE-SMITH,REPUBLICAN,False,total,486769,907588,False,20210114,REPUBLICAN
1998,COLORADO,CO,8,84,62,US SENATE,statewide,gen,False,GARY SWING,U.S. PACIFIST,False,total,1981,1327235,False,20210114,OTHER
2006,MAINE,ME,23,11,2,US SENATE,statewide,gen,False,OTHER,,False,total,179,545128,False,20210114,OTHER
2012,NEW MEXICO,NM,35,85,66,US SENATE,statewide,gen,False,JON R. BARRIE,INDEPENDENT AMERICAN,False,total,28199,775793,False,20210114,OTHER
1978,MINNESOTA,MN,27,41,33,US SENATE,statewide,gen,False,LEONARD RICHARDS,LIBERTARIAN,False,total,2992,1580622,False,20210114,LIBERTARIAN
2010,ARKANSAS,AR,5,71,42,US SENATE,statewide,gen,False,TREVOR DROWN,INDEPENDENT,False,total,25234,779957,False,20210114,OTHER
2010,KENTUCKY,KY,21,61,51,US SENATE,statewide,gen,False,JACK CONWAY,DEMOCRAT,False,total,600052,1356096,False,20210114,DEMOCRAT
2002,MINNESOTA,MN,27,41,33,US SENATE,statewide,gen,False,JIM MOORE,INDEPENDENCE,False,total,45139,2254636,False,20210114,OTHER
2010,HAWAII,HI,15,95,82,US SENATE,statewide,gen,False,JIM BREWER,GREEN,False,total,7762,370583,False,20210114,OTHER
2006,TEXAS,TX,48,74,49,US SENATE,statewide,gen,False,SCOTT LANIER JAMESON,LIBERTARIAN,False,total,97672,4314663,False,20210114,LIBERTARIAN
2002,SOUTH CAROLINA,SC,45,57,48,US SENATE,statewide,gen,False,LINDSEY O. GRAHAM,REPUBLICAN,False,total,600010,1102912,False,20210114,REPUBLICAN
1978,ALASKA,AK,2,94,81,US SENATE,statewide,gen,False,,,True,total,384,122741,False,20210114,OTHER
2004,NEW YORK,NY,36,21,13,US SENATE,statewide,gen,False,ABRAHAM HIRSCHFELD,BUILDERS,False,total,16196,7447818,False,20210114,OTHER
1980,LOUISIANA,LA,22,72,45,US SENATE,statewide,gen,False,LOUIS WOODY JENKINS,DEMOCRAT,False,total,325922,841013,False,20210114,DEMOCRAT
1984,KANSAS,KS,20,47,32,US SENATE,statewide,gen,False,LUCILLE BIEGER,COMMUNIST,False,total,9380,996729,False,20210114,OTHER
2002,DELAWARE,DE,10,51,11,US SENATE,statewide,gen,False,RAYMOND T. BURANELLO,LIBERTARIAN,False,total,922,232314,False,20210114,LIBERTARIAN
1990,HAWAII,HI,15,95,82,US SENATE,statewide,gen,True,DANIEL K. AKAKA,DEMOCRAT,False,total,188901,349666,False,20210114,DEMOCRAT
2016,NEW YORK,NY,36,21,13,US SENATE,statewide,gen,False,ALEX MERCED,LIBERTARIAN,False,total,48121,7800725,False,20210114,LIBERTARIAN
2000,ARIZONA,AZ,4,86,61,US SENATE,statewide,gen,False,BARRY J. HESS II,LIBERTARIAN,False,total,70724,1397076,False,20210114,LIBERTARIAN
1998,ALASKA,AK,2,94,81,US SENATE,statewide,gen,False,"JOSEPH A. ""JOE"" SONNEMAN",DEMOCRAT,False,total,43743,221807,False,20210114,DEMOCRAT
1984,TENNESSEE,TN,47,62,54,US SENATE,statewide,gen,False,VICTOR ASHE,REPUBLICAN,False,total,557016,1648036,False,20210114,REPUBLICAN
2006,MASSACHUSETTS,MA,25,14,3,US SENATE,statewide,gen,False,EDWARD M. KENNEDY,DEMOCRAT,False,total,1500738,2243835,False,20210114,DEMOCRAT
2000,VERMONT,VT,50,13,6,US SENATE,statewide,gen,False,ED FLANAGAN,DEMOCRAT,False,total,73352,288500,False,20210114,DEMOCRAT
2020,KENTUCKY,KY,21,61,51,US SENATE,statewide,gen,False,RANDALL LEE TEEGARGEN,,True,total,9,2135057,False,20210114,OTHER
1980,NORTH CAROLINA,NC,37,56,47,US SENATE,statewide,gen,False,JOHN P. EAST,REPUBLICAN,False,total,898064,1797665,False,20210114,REPUBLICAN
2016,CALIFORNIA,CA,6,93,71,US SENATE,statewide,gen,False,KAMALA D. HARRIS,DEMOCRAT,False,total,7542753,12244170,False,20210114,DEMOCRAT
2018,NEW JERSEY,NJ,34,22,12,US SENATE,statewide,gen,False,MURRAY SABRIN,LIBERTARIAN,False,total,21212,3169310,False,20210114,LIBERTARIAN
2000,NEW JERSEY,NJ,34,22,12,US SENATE,statewide,gen,False,PAT DINIZIO,INDEPENDENT,False,total,19312,3015662,False,20210114,OTHER
1990,NEBRASKA,NE,31,46,35,US SENATE,statewide,gen,False,,,True,total,1036,593828,False,20210114,OTHER
1982,PENNSYLVANIA,PA,42,23,14,US SENATE,statewide,gen,False,CYRIL H. WECHT,DEMOCRAT,False,total,1412965,3604108,False,20210114,DEMOCRAT
2014,OREGON,OR,41,92,72,US SENATE,statewide,gen,False,MONICA WEHBY,REPUBLICAN,False,total,538847,1461618,False,20210114,REPUBLICAN
2008,COLORADO,CO,8,84,62,US SENATE,statewide,gen,False,BOB KINSEY,GREEN,False,total,50004,2331621,False,20210114,OTHER
2004,MARYLAND,MD,24,52,52,US SENATE,statewide,gen,False,MARIA ALLWINE,GREEN,False,total,24816,2321931,False,20210114,OTHER
1990,MASSACHUSETTS,MA,25,14,3,US SENATE,statewide,gen,False,JOHN F. KERRY,DEMOCRAT,False,total,1321712,2424579,False,20210114,DEMOCRAT
2002,NORTH CAROLINA,NC,37,56,47,US SENATE,statewide,gen,False,ELIZABETH H. DOLE,REPUBLICAN,False,total,1248664,2331181,False,20210114,REPUBLICAN
