1976,ARIZONA,AZ,4,86,61,US SENATE,statewide,gen,False,SAM STEIGER,REPUBLICAN,False,total,321236,741210,False,20210114,REPUBLICAN
1976,TENNESSEE,TN,47,62,54,US SENATE,statewide,gen,False,ARNOLD JOSEPH ZANDIE,INDEPENDENT,False,total,1061,1432046,False,20210114,OTHER
1998,COLORADO,CO,8,84,62,US SENATE,statewide,gen,False,DAVID S. SEGAL,LIBERTARIAN,False,total,14024,1327235,False,20210114,LIBERTARIAN
1978,ARKANSAS,AR,5,71,42,US SENATE,statewide,gen,False,TOM KELLY,REPUBLICAN,False,total,84308,517138,False,20210114,REPUBLICAN
2004,OREGON,OR,41,92,72,US SENATE,statewide,gen,False,RON WYDEN,DEMOCRAT,False,total,1128728,1780550,False,20210114,DEMOCRAT
2018,WYOMING,WY,56,83,68,US SENATE,statewide,gen,False,GARY TRAUNER,DEMOCRAT,False,total,61227,203420,False,20210114,DEMOCRAT
2016,LOUISIANA,LA,22,72,45,US SENATE,statewide,gen,False,PETER WILLIAMS,DEMOCRAT,False,total,6855,1997218,False,20210114,DEMOCRAT
1982,UTAH,UT,49,87,67,US SENATE,statewide,gen,False,ORRIN G. HATCH,REPUBLICAN,False,total,309332,530802,False,20210114,REPUBLICAN
2018,MARYLAND,MD,24,52,52,US SENATE,statewide,gen,False,NEAL SIMON,UNAFFILIATED,False,total,85964,2299889,False,20210114,OTHER
1990,MONTANA,MT,30,81,64,US SENATE,statewide,gen,False,ALLEN C. KOLSTAD,REPUBLICAN,False,total,93836,319336,False,20210114,REPUBLICAN
1994,MINNESOTA,MN,27,41,33,US SENATE,statewide,gen,False,STEPHEN JOHNSON,NATURAL LAW,False,total,5054,1772929,False,20210114,OTHER
2016,GEORGIA,GA,13,58,44,US SENATE,statewide,gen,False,,,True,total,813,3898605,False,20210114,OTHER
2014,OREGON,OR,41,92,72,US SENATE,statewide,gen,False,MONICA WEHBY,REPUBLICAN,False,total,538847,1461618,False,20210114,REPUBLICAN
1976,MARYLAND,MD,24,52,52,US SENATE,statewide,gen,False,PAUL S. SARBANES,DEMOCRAT,False,total,772101,1365290,False,20210114,DEMOCRAT
2012,WYOMING,WY,56,83,68,US SENATE,statewide,gen,False,TIM CHESNUT,DEMOCRAT,False,total,53019,250700,False,20210114,DEMOCRAT
1976,NEW YORK,NY,36,21,13,US SENATE,statewide,gen,False,JAMES L. BUCKLEY,CONSERVATIVE,False,total,311494,6666875,False,20210114,OTHER
1996,LOUISIANA,LA,22,72,45,US SENATE,statewide,gen,False,MARY L. LANDRIEU,DEMOCRAT,False,total,852945,1700102,False,20210114,DEMOCRAT
1986,KENTUCKY,KY,21,61,51,US SENATE,statewide,gen,False,JACKSON M. ANDREWS,REPUBLICAN,False,total,173330,677280,False,20210114,REPUBLICAN
2010,ILLINOIS,IL,17,33,21,US SENATE,statewide,gen,True,,,True,total,15,3704473,False,20210114,OTHER
1988,OHIO,OH,39,31,24,US SENATE,statewide,gen,False,GEORGE V VOINOVICH,REPUBLICAN,False,total,1872716,4352905,False,20210114,REPUBLICAN
2020,GEORGIA,GA,13,58,44,US SENATE,statewide,gen,False,JON OSSOFF,DEMOCRAT,False,total,2374519,4952175,False,20210114,DEMOCRAT
2018,WEST VIRGINIA,WV,54,55,56,US SENATE,statewide,gen,False,RUSTY HOLLEN,LIBERTARIAN,False,total,24231,582911,True,20210114,LIBERTARIAN
2016,NEW YORK,NY,36,21,13,US SENATE,statewide,gen,False,WENDY LONG,REPUBLICAN,False,total,1723927,7800725,False,20210114,REPUBLICAN
1992,ILLINOIS,IL,17,33,21,US SENATE,statewide,gen,False,RICHARD S. WILLIAMSON,REPUBLICAN,False,total,2126833,4939558,False,20210114,REPUBLICAN
2010,NEW YORK,NY,36,21,13,US SENATE,statewide,gen,True,JOHN CLIFTON,LIBERTARIAN,False,total,18414,4757635,False,20210114,LIBERTARIAN
2008,NEW JERSEY,NJ,34,22,12,US SENATE,statewide,gen,False,SARA J. LOBMAN,SOCIALIST WORKERS,False,total,9187,3482445,False,20210114,OTHER
1978,ILLINOIS,IL,17,33,21,US SENATE,statewide,gen,False,CHARLES H. PEREY,REPUBLICAN,False,total,1698711,3184764,False,20210114,REPUBLICAN
1984,MICHIGAN,MI,26,34,23,US SENATE,statewide,gen,False,SAMUEL L. WEBB,COMMUNIST,False,total,1196,3700938,False,20210114,OTHER
1980,COLORADO,CO,8,84,62,US SENATE,statewide,gen,False,EARL HIGGERSON,STATESMAN,False,total,7265,1173142,False,20210114,OTHER
2014,SOUTH CAROLINA,SC,45,57,48,US SENATE,statewide,gen,True,,,True,total,532,1238982,False,20210114,OTHER
2020,ARIZONA,AZ,4,86,61,US SENATE,statewide,gen,True,MATTHEW HAUPT,INDEPENDENT,True,total,37,3355307,False,20210114,OTHER
1984,IOWA,IA,19,42,31,US SENATE,statewide,gen,False,OTHER,,False,total,422,1292700,False,20210114,OTHER
1992,ALABAMA,AL,1,63,41,US SENATE,statewide,gen,False,JEROME SHOCKLEY,LIBERTARIAN,False,total,31811,1577799,False,20210114,LIBERTARIAN
2020,TENNESSEE,TN,47,62,54,US SENATE,statewide,gen,False,BILL HAGERTY,REPUBLICAN,False,total,1840926,2959761,False,20210114,REPUBLICAN
1992,ALABAMA,AL,1,63,41,US SENATE,statewide,gen,False,RICHARD C. SHELBY,DEMOCRAT,False,total,1022698,1577799,False,20210114,DEMOCRAT
2002,NORTH CAROLINA,NC,37,56,47,US SENATE,statewide,gen,False,SEAN HAUGH,LIBERTARIAN,False,total,33807,2331181,False,20210114,LIBERTARIAN
2004,HAWAII,HI,15,95,82,US SENATE,statewide,gen,False,JEFF MALLAN,LIBERTARIAN,False,total,5277,415347,False,20210114,LIBERTARIAN
1978,MISSISSIPPI,MS,28,64,46,US SENATE,statewide,gen,False,HENRY JAY KIRKSEY,INDEPENDENT,False,total,1747,590236,False,20210114,OTHER
1994,CALIFORNIA,CA,6,93,71,US SENATE,statewide,gen,False,BARBARA BLONG,GREEN,False,total,140567,8514089,False,20210114,OTHER
1980,SOUTH DAKOTA,SD,46,45,37,US SENATE,statewide,gen,False,WAYNE PETERSON,INDEPENDENT,False,total,7866,327478,False,20210114,OTHER
1996,ARKANSAS,AR,5,71,42,US SENATE,statewide,gen,False,Y. TIM HUTCHINSON,REPUBLICAN,False,total,445942,846183,False,20210114,REPUBLICAN
2006,CONNECTICUT,CT,9,16,1,US SENATE,statewide,gen,False,NED LAMONT,DEMOCRAT,False,total,450844,1134777,False,20210114,DEMOCRAT
2012,NEW YORK,NY,36,21,13,US SENATE,statewide,gen,False,JOHN MANGELLI,COMMON SENSE,False,total,21985,7116628,False,20210114,OTHER
1990,TEXAS,TX,48,74,49,US SENATE,statewide,gen,False,GARY JOHNSON,LIBERTARIAN,False,total,89089,3822157,False,20210114,LIBERTARIAN
2008,DELAWARE,DE,10,51,11,US SENATE,statewide,gen,False,CHRISTINE O'DONNELL,REPUBLICAN,False,total,140595,398134,False,20210114,REPUBLICAN
1992,WISCONSIN,WI,55,35,25,US SENATE,statewide,gen,False,"MERVIN A. HANSON, SR.",INDEPENDENT,False,total,3264,2455124,False,20210114,OTHER
2006,NEW YORK,NY,36,21,13,US SENATE,statewide,gen,False,HILLARY RODHAM CLINTON,WORKING FAMILIES,False,total,148792,4700632,False,20210114,OTHER
1992,OHIO,OH,39,31,24,US SENATE,statewide,gen,False,MICHAEL DEWINE,REPUBLICAN,False,total,2028300,4793953,False,20210114,REPUBLICAN
2008,WEST VIRGINIA,WV,54,55,56,US SENATE,statewide,gen,False,JAY WOLFE,REPUBLICAN,False,total,254629,702308,False,20210114,REPUBLICAN
2018,MONTANA,MT,30,81,64,US SENATE,statewide,gen,False,RICK BRECKENRIDGE,LIBERTARIAN,False,total,14545,504384,False,20210114,LIBERTARIAN
2020,MICHIGAN,MI,26,34,23,US SENATE,statewide,gen,False,MARCIA SQUIER,GREEN,False,total,39217,5479720,False,20210114,OTHER
1994,WISCONSIN,WI,55,35,25,US SENATE,statewide,gen,False,ROBERT T. WELCH,REPUBLICAN,False,total,636989,1565628,False,20210114,REPUBLICAN
2016,MISSOURI,MO,29,43,34,US SENATE,statewide,gen,False,ROY BLUNT,REPUBLICAN,False,total,1378458,2802637,False,20210114,REPUBLICAN
1986,FLORIDA,FL,12,59,43,US SENATE,statewide,gen,False,BOB GRAHAM,DEMOCRAT,False,total,1877543,3429996,False,20210114,DEMOCRAT
2000,MISSOURI,MO,29,43,34,US SENATE,statewide,gen,False,HUGH FOLEY,REFORM,False,total,4166,2361586,False,20210114,OTHER
1982,MISSISSIPPI,MS,28,64,46,US SENATE,statewide,gen,False,JOHN C. STENNIS,DEMOCRAT,False,total,414099,645026,False,20210114,DEMOCRAT
1976,VIRGINIA,VA,51,54,40,US SENATE,statewide,gen,False,E. R. (BUD) ZUMWALT,DEMOCRAT,False,total,596009,1557500,False,20210114,DEMOCRAT
1980,ARIZONA,AZ,4,86,61,US SENATE,statewide,gen,False,FRED R. ESSER,LIBERTARIAN,False,total,12008,874238,False,20210114,LIBERTARIAN
2000,CALIFORNIA,CA,6,93,71,US SENATE,statewide,gen,False,MEDEA SUSAN BENJAMIN,GREEN,False,total,326828,10623608,False,20210114,OTHER
1986,MISSOURI,MO,29,43,34,US SENATE,statewide,gen,False,CHRISTOPHER (KIT) BOND,REPUBLICAN,False,total,777612,1477327,False,20210114,REPUBLICAN
2010,MARYLAND,MD,24,52,52,US SENATE,statewide,gen,False,RICHARD SHAWVER,CONSTITUTION,False,total,14746,1833858,False,20210114,OTHER
1998,VERMONT,VT,50,13,6,US SENATE,statewide,gen,False,BOB (DR. BOB) MELAMEDE,VERMONT GRASSROOTS,False,total,2459,214036,False,20210114,OTHER
2004,ALASKA,AK,2,94,81,US SENATE,statewide,gen,False,"TED ""BIG"" GIANOUTSOS",NONPARTISAN,False,total,732,308315,False,20210114,OTHER
2008,COLORADO,CO,8,84,62,US SENATE,statewide,gen,False,BOB SCHAFFER,REPUBLICAN,False,total,990755,2331621,False,20210114,REPUBLICAN
2004,VERMONT,VT,50,13,6,US SENATE,statewide,gen,False,KEITH STERN,INDEPENDENT,False,total,3300,307208,False,20210114,OTHER
2008,VIRGINIA,VA,51,54,40,US SENATE,statewide,gen,False,,,True,total,3178,3643294,False,20210114,OTHER
2010,OHIO,OH,39,31,24,US SENATE,statewide,gen,False,LEE FISHER,DEMOCRAT,False,total,1503297,3815098,False,20210114,DEMOCRAT
1982,WASHINGTON,WA,53,91,73,US SENATE,statewide,gen,False,JESSE CHIANG,INDEPENDENT,False,total,20251,1368476,False,20210114,OTHER
1992,HAWAII,HI,15,95,82,US SENATE,statewide,gen,False,LINDA B. MARTIN,GREEN,False,total,49921,363662,False,20210114,OTHER
2002,SOUTH CAROLINA,SC,45,57,48,US SENATE,statewide,gen,False,,,True,total,667,1102912,False,20210114,OTHER
1976,WISCONSIN,WI,55,35,25,US SENATE,statewide,gen,False,WILLIAM O. HART,DEMOCRATIC SOCIALIST,False,total,7354,1935183,False,20210114,OTHER
1978,OREGON,OR,41,92,72,US SENATE,statewide,gen,False,,,True,total,737,892518,False,20210114,OTHER
2014,SOUTH DAKOTA,SD,46,45,37,US SENATE,statewide,gen,False,LARRY PRESSLER,INDEPENDENT,False,total,47741,279412,False,20210114,OTHER
1984,COLORADO,CO,8,84,62,US SENATE,statewide,gen,False,DAVID MARTIN,SOCIALIST WORKERS,False,total,2208,1297809,False,20210114,OTHER
2014,MISSISSIPPI,MS,28,64,46,US SENATE,statewide,gen,False,SHAWN O'HARA,REFORM,False,total,13938,631858,False,20210114,OTHER
1990,MONTANA,MT,30,81,64,US SENATE,statewide,gen,False,MAX BAUCUS,DEMOCRAT,False,total,217563,319336,False,20210114,DEMOCRAT
2000,MISSOURI,MO,29,43,34,US SENATE,statewide,gen,False,,,True,total,13,2361586,False,20210114,OTHER
2000,MASSACHUSETTS,MA,25,14,3,US SENATE,statewide,gen,False,,,True,total,42,2734048,False,20210114,OTHER
2020,COLORADO,CO,8,84,62,US SENATE,statewide,gen,False,RAYMON ANTHONY DOANE,LIBERTARIAN,False,total,56262,3235790,False,20210114,LIBERTARIAN
2010,CONNECTICUT,CT,9,16,1,US SENATE,statewide,gen,False,JOHN MERTENS,CONNECTICUT FOR LIEBERMAN,False,total,6735,1153115,False,20210114,OTHER
2012,WASHINGTON,WA,53,91,73,US SENATE,statewide,gen,False,MICHAEL BAUMGARTNER,REPUBLICAN,False,total,1213924,3069417,False,20210114,REPUBLICAN
1996,OREGON,OR,41,92,72,US SENATE,statewide,gen,False,TOM BRUGGERE,DEMOCRAT,False,total,624370,1360230,False,20210114,DEMOCRAT
2016,MARYLAND,MD,24,52,52,US SENATE,statewide,gen,False,,,True,total,77,2726170,False,20210114,OTHER
2020,ALASKA,AK,2,94,81,US SENATE,statewide,gen,False,,,True,total,601,354587,False,20210114,OTHER
2012,MISSISSIPPI,MS,28,64,46,US SENATE,statewide,gen,False,"ALBERT N. GORE, JR.",DEMOCRAT,False,total,503467,1241568,False,20210114,DEMOCRAT
1980,PENNSYLVANIA,PA,42,23,14,US SENATE,statewide,gen,False,FRANK KINCES,COMMUNIST,False,total,3334,4418042,False,20210114,OTHER
1976,CALIFORNIA,CA,6,93,71,US SENATE,statewide,gen,False,JACK MCCOY,AMERICAN INDEPENDENT,False,total,82739,7470586,False,20210114,OTHER
1976,PENNSYLVANIA,PA,42,23,14,US SENATE,statewide,gen,False,FRANK KINCES,COMMUNIST,False,total,2097,4546353,False,20210114,OTHER
2002,IOWA,IA,19,42,31,US SENATE,statewide,gen,False,RICHARD J. MOORE,LIBERTARIAN,False,total,8864,1023075,False,20210114,LIBERTARIAN
1990,WYOMING,WY,56,83,68,US SENATE,statewide,gen,False,KATHY HELLING,DEMOCRAT,False,total,56848,157632,False,20210114,DEMOCRAT
1996,OREGON,OR,41,92,72,US SENATE,statewide,gen,False,GORDON SMITH,REPUBLICAN,False,total,677336,1360230,False,20210114,REPUBLICAN
2000,UTAH,UT,49,87,67,US SENATE,statewide,gen,False,CARLTON EDWARD BOWEN,INDEPENDENT AMERICAN,False,total,11938,769704,False,20210114,OTHER
2016,NEW HAMPSHIRE,NH,33,12,4,US SENATE,statewide,gen,False,SCATTER,,False,total,520,739140,False,20210114,OTHER
1998,SOUTH CAROLINA,SC,45,57,48,US SENATE,statewide,gen,False,BOB INGLIS,REPUBLICAN,False,total,488238,1069063,False,20210114,REPUBLICAN
2008,VIRGINIA,VA,51,54,40,US SENATE,statewide,gen,False,MARK R. WARNER,DEMOCRAT,False,total,2369327,3643294,False,20210114,DEMOCRAT
1994,NEVADA,NV,32,88,65,US SENATE,statewide,gen,False,RICHARD H. BRYAN,DEMOCRAT,False,total,193804,380530,False,20210114,DEMOCRAT
1986,SOUTH DAKOTA,SD,46,45,37,US SENATE,statewide,gen,False,JAMES ABDNOR,REPUBLICAN,False,total,143173,295830,False,20210114,REPUBLICAN
1980,MARYLAND,MD,24,52,52,US SENATE,statewide,gen,False,EDWARD T. CONROY,DEMOCRAT,False,total,435118,1286088,False,20210114,DEMOCRAT
1994,NEW YORK,NY,36,21,13,US SENATE,statewide,gen,False,HENRY F. HEWES,RIGHT TO LIFE,False,total,95954,5328486,False,20210114,OTHER
1978,DELAWARE,DE,10,51,11,US SENATE,statewide,gen,False,JOSEPH R. BIDEN JR.,DEMOCRAT,False,total,93930,162072,False,20210114,DEMOCRAT
2006,TEXAS,TX,48,74,49,US SENATE,statewide,gen,False,SCOTT LANIER JAMESON,LIBERTARIAN,False,total,97672,4314663,False,20210114,LIBERTARIAN
2016,NORTH DAKOTA,ND,38,44,36,US SENATE,statewide,gen,False,JAMES GERMALIC,INDEPENDENT,False,total,4675,342501,False,20210114,OTHER
2012,NEW JERSEY,NJ,34,22,12,US SENATE,statewide,gen,False,KENNETH R. KAPLAN,LIBERTARIAN,False,total,16803,3376649,False,20210114,LIBERTARIAN
2006,NORTH DAKOTA,ND,38,44,36,US SENATE,statewide,gen,False,KENT CONRAD,DEMOCRAT,False,total,150146,218152,False,20210114,DEMOCRAT
2012,WISCONSIN,WI,55,35,25,US SENATE,statewide,gen,False,JOSEPH KEXEL,LIBERTARIAN,False,total,62240,3009411,False,20210114,LIBERTARIAN
2006,VERMONT,VT,50,13,6,US SENATE,statewide,gen,False,PETE DIAMONDSTONE,LIBERTY UNION,False,total,801,262419,False,20210114,OTHER
1992,SOUTH DAKOTA,SD,46,45,37,US SENATE,statewide,gen,False,THOMAS A. DASCHLE,DEMOCRAT,False,total,217095,334495,False,20210114,DEMOCRAT
2020,ARIZONA,AZ,4,86,61,US SENATE,statewide,gen,True,ADAM CHILTON,DEMOCRAT,True,total,19,3355307,False,20210114,DEMOCRAT
2010,FLORIDA,FL,12,59,43,US SENATE,statewide,gen,False,,,True,total,2,5411106,False,20210114,OTHER
1996,IOWA,IA,19,42,31,US SENATE,statewide,gen,False,SCATTER,,False,total,280,1224054,False,20210114,OTHER
1978,NORTH CAROLINA,NC,37,56,47,US SENATE,statewide,gen,False,JOHN RANDOLPH INGRAM,DEMOCRAT,False,total,516663,1135814,False,20210114,DEMOCRAT
1986,COLORADO,CO,8,84,62,US SENATE,statewide,gen,False,TIMOTHY E. WIRTH,DEMOCRAT,False,total,529449,1060765,False,20210114,DEMOCRAT
2008,MISSISSIPPI,MS,28,64,46,US SENATE,statewide,gen,True,RONNIE MUSGROVE,NO PARTY AFFILIATION,False,total,560064,1243473,False,20210114,OTHER
1976,TEXAS,TX,48,74,49,US SENATE,statewide,gen,False,MARJORIE P. GALLION,AMERICAN,False,total,17355,3874230,False,20210114,OTHER
2014,KANSAS,KS,20,47,32,US SENATE,statewide,gen,False,RANDALL BATSON,LIBERTARIAN,False,total,37469,866191,False,20210114,LIBERTARIAN
2020,SOUTH CAROLINA,SC,45,57,48,US SENATE,statewide,gen,False,BILL BLEDSOE,CONSTITUTION PARTY,False,total,32845,2515104,False,20210114,OTHER
1996,ALASKA,AK,2,94,81,US SENATE,statewide,gen,False,TED STEVENS,REPUBLICAN,False,total,177893,231916,False,20210114,REPUBLICAN
1986,UTAH,UT,49,87,67,US SENATE,statewide,gen,False,MARY ZINS,SOCIALIST WORKERS,False,total,1863,435111,False,20210114,OTHER
2020,ALASKA,AK,2,94,81,US SENATE,statewide,gen,False,AL GROSS,DEMOCRAT,False,total,146068,354587,False,20210114,DEMOCRAT
1984,GEORGIA,GA,13,58,44,US SENATE,statewide,gen,False,OTHER,,False,total,44,1681344,False,20210114,OTHER
1992,GEORGIA,GA,13,58,44,US SENATE,statewide,pre,False,JIM HUDSON,LIBERTARIAN,False,total,69878,2251587,False,20210114,LIBERTARIAN
2014,WYOMING,WY,56,83,68,US SENATE,statewide,gen,False,CURT GOTTSHALL,INDEPENDENT,False,total,13311,171153,False,20210114,OTHER
2008,COLORADO,CO,8,84,62,US SENATE,statewide,gen,False,BOB KINSEY,GREEN,False,total,50004,2331621,False,20210114,OTHER
2012,TENNESSEE,TN,47,62,54,US SENATE,statewide,gen,False,,,True,total,409,2321477,False,20210114,OTHER
2010,VERMONT,VT,50,13,6,US SENATE,statewide,gen,False,PETER DIAMONDSTONE,SOCIALIST,False,total,1433,235178,False,20210114,OTHER
2020,ARIZONA,AZ,4,86,61,US SENATE,statewide,gen,True,MARTHA MCSALLY,REPUBLICAN,False,total,1637661,3355307,False,20210114,REPUBLICAN
2014,RHODE ISLAND,RI,44,15,5,US SENATE,statewide,gen,False,,,True,total,539,316898,False,20210114,OTHER
2020,SOUTH CAROLINA,SC,45,57,48,US SENATE,statewide,gen,False,,,True,total,2294,2515104,False,20210114,OTHER
2000,DELAWARE,DE,10,51,11,US SENATE,statewide,gen,False,ROBERT MATTSON,NATURAL LAW,False,total,389,326993,False,20210114,OTHER
2014,LOUISIANA,LA,22,72,45,US SENATE,statewide,gen,False,"""ROB"" MANESS",REPUBLICAN,False,total,202556,3523183,False,20210114,REPUBLICAN
1982,DELAWARE,DE,10,51,11,US SENATE,statewide,gen,False,CHARLES A. BAKER,AMERICAN,False,total,537,190960,False,20210114,OTHER
2000,ARIZONA,AZ,4,86,61,US SENATE,statewide,gen,False,VANCE HANSEN,GREEN,False,total,108926,1397076,False,20210114,OTHER
1980,CALIFORNIA,CA,6,93,71,US SENATE,statewide,gen,False,JAMES C. (JIM) GRIFFIN,AMERICAN INDEPENDENT,False,total,129573,8324012,False,20210114,OTHER
1992,ALASKA,AK,2,94,81,US SENATE,statewide,gen,False,FRANK H. MURKOWSKI,REPUBLICAN,False,total,127163,239714,False,20210114,REPUBLICAN
1994,MINNESOTA,MN,27,41,33,US SENATE,statewide,gen,False,MAREA HIMELGRIN,SOCIALIST WORKERS,False,total,2428,1772929,False,20210114,OTHER
2012,MARYLAND,MD,24,52,52,US SENATE,statewide,gen,False,DANIEL JOHN BONGINO,REPUBLICAN,False,total,693291,2633234,False,20210114,REPUBLICAN
2020,GEORGIA,GA,13,58,44,US SENATE,statewide,gen,True,JAMESIA JAMES,DEMOCRAT,False,total,94406,4914361,False,20210114,DEMOCRAT
1994,MARYLAND,MD,24,52,52,US SENATE,statewide,gen,False,WILLIAM BROCK,REPUBLICAN,False,total,559908,1369101,False,20210114,REPUBLICAN
2002,MASSACHUSETTS,MA,25,14,3,US SENATE,statewide,gen,False,JOHN F. KERRY,DEMOCRAT,False,total,1605976,2220301,False,20210114,DEMOCRAT
2004,PENNSYLVANIA,PA,42,23,14,US SENATE,statewide,gen,False,BETSY SUMMER,LIBERTARIAN,False,total,79263,5559105,False,20210114,LIBERTARIAN
2010,NEVADA,NV,32,88,65,US SENATE,statewide,gen,False,JEFFREY C. REEVES,INDEPENDENT,False,total,2510,721404,False,20210114,OTHER
1980,ILLINOIS,IL,17,33,21,US SENATE,statewide,gen,False,BURTON LEE ARTZ,SOCIALIST WORKERS,False,total,2715,4580029,False,20210114,OTHER
2012,OHIO,OH,39,31,24,US SENATE,statewide,gen,False,SHERROD BROWN,DEMOCRAT,False,total,2762690,5449018,False,20210114,DEMOCRAT
2020,LOUISIANA,LA,22,72,45,US SENATE,statewide,gen,False,RENO JEAN DARET III,UNAFFILIATED,False,total,3954,2071543,False,20210114,OTHER
2002,WYOMING,WY,56,83,68,US SENATE,statewide,gen,False,JOYCE JANSA CORCORAN,DEMOCRAT,False,total,49570,183280,False,20210114,DEMOCRAT
1984,NORTH CAROLINA,NC,37,56,47,US SENATE,statewide,gen,False,BOBBY YATES EMORY,LIBERTARIAN,False,total,9302,2239051,False,20210114,LIBERTARIAN
2010,FLORIDA,FL,12,59,43,US SENATE,statewide,gen,False,LEWIS JEROME ARMSTRONG,NO PARTY AFFILIATION,False,total,4443,5411106,False,20210114,OTHER
2020,MASSACHUSETTS,MA,25,14,3,US SENATE,statewide,gen,False,SHIVA AYYADURAI,,False,total,21134,3658005,False,20210114,OTHER
2010,NEW YORK,NY,36,21,13,US SENATE,statewide,gen,True,VIVIA MORGAN,ANTI-PROHIBITION,False,total,11787,4757635,False,20210114,OTHER
2008,GEORGIA,GA,13,58,44,US SENATE,statewide,pre,False,SAXBY CHAMBLISS,REPUBLICAN,False,total,1867097,3752485,False,20210114,REPUBLICAN
1990,TENNESSEE,TN,47,62,54,US SENATE,statewide,gen,False,CHARLES GORDON VICK,INDEPENDENT,False,total,8021,783922,False,20210114,OTHER
1992,VERMONT,VT,50,13,6,US SENATE,statewide,gen,False,,,True,total,222,285739,False,20210114,OTHER
2004,WISCONSIN,WI,55,35,25,US SENATE,statewide,gen,False,TIM MICHELS,REPUBLICAN,False,total,1301183,2949743,False,20210114,REPUBLICAN
2012,HAWAII,HI,15,95,82,US SENATE,statewide,gen,False,LINDA LINGLE,REPUBLICAN,False,total,160994,437159,False,20210114,REPUBLICAN
1982,MICHIGAN,MI,26,34,23,US SENATE,statewide,gen,False,BETTE ERWIN,LIBERTARIAN,False,total,19131,2994334,False,20210114,LIBERTARIAN
1984,NEW MEXICO,NM,35,85,66,US SENATE,statewide,gen,False,PETE V. DOMENICI,REPUBLICAN,False,total,361371,502634,False,20210114,REPUBLICAN
2010,NEW YORK,NY,36,21,13,US SENATE,statewide,gen,False,RANDY A. CREDICO,LIBERTARIAN,False,total,24871,4763899,False,20210114,LIBERTARIAN
2018,UTAH,UT,49,87,67,US SENATE,statewide,gen,False,JENNY WILSON,DEMOCRAT,False,total,328541,1062845,False,20210114,DEMOCRAT
2006,WASHINGTON,WA,53,91,73,US SENATE,statewide,gen,False,AARON DIXON,GREEN,False,total,21254,2083734,False,20210114,OTHER
2004,LOUISIANA,LA,22,72,45,US SENATE,statewide,gen,False,CHRISTOPHER JOHN,DEMOCRAT,False,total,542150,1848056,False,20210114,DEMOCRAT
2000,OHIO,OH,39,31,24,US SENATE,statewide,gen,False,TED CELESTE,DEMOCRAT,False,total,1595066,4448801,False,20210114,DEMOCRAT
1976,MICHIGAN,MI,26,34,23,US SENATE,statewide,gen,False,PAULA L. REIMERS,SOCIALIST WORKERS,False,total,3399,3490412,False,20210114,OTHER
1996,IOWA,IA,19,42,31,US SENATE,statewide,gen,False,SHIRLEY E. PENA,SOCIALIST WORKERS,False,total,1844,1224054,False,20210114,OTHER
2002,TENNESSEE,TN,47,62,54,US SENATE,statewide,gen,False,WESLEY M. BAKER,INDEPENDENT,False,total,6106,1642432,False,20210114,OTHER
1996,DELAWARE,DE,10,51,11,US SENATE,statewide,gen,False,JOSEPH R. BIDEN JR.,DEMOCRAT,False,total,165465,275591,False,20210114,DEMOCRAT
2000,MICHIGAN,MI,26,34,23,US SENATE,statewide,gen,False,JOHN MANGOPOULOS,U.S. TAXPAYERS,False,total,11628,4167685,False,20210114,OTHER
2008,COLORADO,CO,8,84,62,US SENATE,statewide,gen,False,,,True,total,116,2331621,False,20210114,OTHER
2016,ALASKA,AK,2,94,81,US SENATE,statewide,gen,False,BRECK A. CRAIG,INDEPENDENT,False,total,2609,311441,False,20210114,OTHER
1998,HAWAII,HI,15,95,82,US SENATE,statewide,gen,False,LLOYD (JEFF) MALLAN,LIBERTARIAN,False,total,11908,398124,False,20210114,LIBERTARIAN
2010,COLORADO,CO,8,84,62,US SENATE,statewide,gen,False,KEN BUCK,REPUBLICAN,False,total,822731,1772286,False,20210114,REPUBLICAN
2014,KENTUCKY,KY,21,61,51,US SENATE,statewide,gen,False,,,True,total,9,1435868,False,20210114,OTHER
2016,OREGON,OR,41,92,72,US SENATE,statewide,gen,False,STEVEN C. REYNOLDS,INDEPENDENT,False,total,59516,1952478,False,20210114,OTHER
2020,OKLAHOMA,OK,40,73,53,US SENATE,statewide,gen,False,JIM INHOFE ,REPUBLICAN,False,total,979140,1556361,False,20210114,REPUBLICAN
2010,CALIFORNIA,CA,6,93,71,US SENATE,statewide,gen,False,EDWARD C. NOONAN,AMERICAN INDEPENDENT,False,total,125441,10000160,False,20210114,OTHER
1988,NEW YORK,NY,36,21,13,US SENATE,statewide,gen,False,OTHER,,False,total,56,6040980,False,20210114,OTHER
1988,CALIFORNIA,CA,6,93,71,US SENATE,statewide,gen,False,MERTON D. SHORT,INDEPENDENT,False,total,66288,9743598,False,20210114,OTHER
1992,MISSOURI,MO,29,43,34,US SENATE,statewide,gen,False,GERI ROTHMAN-SEROT,DEMOCRAT,False,total,1057967,2354916,False,20210114,DEMOCRAT
2008,IOWA,IA,19,42,31,US SENATE,statewide,gen,False,,,True,total,1247,1502918,False,20210114,OTHER
2020,ILLINOIS,IL,17,33,21,US SENATE,statewide,gen,False,WILLIE L. WILSON,WILLIE WILSON PARTY,False,total,237699,5968901,False,20210114,OTHER
1994,NEVADA,NV,32,88,65,US SENATE,statewide,gen,False,OTHER,,False,total,12626,380530,False,20210114,OTHER
2016,LOUISIANA,LA,22,72,45,US SENATE,statewide,gen,False,DAVID DUKE,REPUBLICAN,False,total,58606,1997218,False,20210114,REPUBLICAN
1998,CALIFORNIA,CA,6,93,71,US SENATE,statewide,gen,False,MATT FONG,REPUBLICAN,False,total,3575078,8311905,False,20210114,REPUBLICAN
2004,NEW YORK,NY,36,21,13,US SENATE,statewide,gen,False,DONALD SILBERGER,LIBERTARIAN,False,total,19073,7447818,False,20210114,LIBERTARIAN
2002,IOWA,IA,19,42,31,US SENATE,statewide,gen,False,TIMOTHY A. HARTHAN,GREEN,False,total,11340,1023075,False,20210114,OTHER
1988,MONTANA,MT,30,81,64,US SENATE,statewide,gen,False,JOHN MELCHER,DEMOCRAT,False,total,175809,365254,False,20210114,DEMOCRAT
2010,WASHINGTON,WA,53,91,73,US SENATE,statewide,gen,False,PATTY MURRAY,DEMOCRAT,False,total,1314930,2511094,False,20210114,DEMOCRAT
2016,NORTH DAKOTA,ND,38,44,36,US SENATE,statewide,gen,False,ELIOT GLASSHEIM,DEMOCRAT,False,total,58116,342501,False,20210114,DEMOCRAT
2000,NEW MEXICO,NM,35,85,66,US SENATE,statewide,gen,False,,,True,total,265,589526,False,20210114,OTHER
2008,ILLINOIS,IL,17,33,21,US SENATE,statewide,gen,False,,,True,total,1,5329884,False,20210114,OTHER
2000,MASSACHUSETTS,MA,25,14,3,US SENATE,statewide,gen,False,PHILIP F. LAWLER,CONSTITUTION,False,total,42113,2734048,False,20210114,OTHER
2000,HAWAII,HI,15,95,82,US SENATE,statewide,gen,False,LAURI A. CLEGG,NATURAL LAW,False,total,4220,345623,False,20210114,OTHER
2004,ARIZONA,AZ,4,86,61,US SENATE,statewide,gen,False,JOHN MCCAIN,REPUBLICAN,False,total,1505372,1961677,False,20210114,REPUBLICAN
1992,ILLINOIS,IL,17,33,21,US SENATE,statewide,gen,False,ALAN J. PORT,NEW ALLIANCE,False,total,12689,4939558,False,20210114,OTHER
1980,PENNSYLVANIA,PA,42,23,14,US SENATE,statewide,gen,False,PETE FLAHERTY,DEMOCRAT,False,total,2122391,4418042,False,20210114,DEMOCRAT
1976,RHODE ISLAND,RI,44,15,5,US SENATE,statewide,gen,False,RICHARD P. LORBER,DEMOCRAT,False,total,167665,398906,False,20210114,DEMOCRAT
1978,MASSACHUSETTS,MA,25,14,3,US SENATE,statewide,gen,False,EDWARD W. BROOKE,REPUBLICAN,False,total,890584,1985700,False,20210114,REPUBLICAN
1994,CALIFORNIA,CA,6,93,71,US SENATE,statewide,gen,False,DIANNE FEINSTEIN,DEMOCRAT,False,total,3979152,8514089,False,20210114,DEMOCRAT
1980,ARIZONA,AZ,4,86,61,US SENATE,statewide,gen,False,JOSEFINA OTERO,SOCIALIST WORKERS,False,total,3266,874238,False,20210114,OTHER
1996,SOUTH CAROLINA,SC,45,57,48,US SENATE,statewide,gen,False,ELLIOT SPRINGS CLOSE,DEMOCRAT,False,total,510951,1161231,False,20210114,DEMOCRAT
2010,ILLINOIS,IL,17,33,21,US SENATE,statewide,gen,True,MIKE LABNO,LIBERTARIAN,False,total,87247,3704473,False,20210114,LIBERTARIAN
1976,WISCONSIN,WI,55,35,25,US SENATE,statewide,gen,False,WILLIAM PROXMIRE,DEMOCRAT,False,total,1396970,1935183,False,20210114,DEMOCRAT
1994,NEW YORK,NY,36,21,13,US SENATE,statewide,gen,False,BERNADETTE CASTRO,CONSERVATIVE,False,total,276548,5328486,False,20210114,OTHER
1998,INDIANA,IN,18,32,22,US SENATE,statewide,gen,False,REBECCA SINK-BURRIS,LIBERTARIAN,False,total,23641,1588617,False,20210114,LIBERTARIAN
1992,WASHINGTON,WA,53,91,73,US SENATE,statewide,gen,False,ROD CHANDLER,REPUBLICAN,False,total,1020829,2218802,False,20210114,REPUBLICAN
1976,CONNECTICUT,CT,9,16,1,US SENATE,statewide,gen,False,"LOWELL P. WEICKER, JR.",REPUBLICAN,False,total,785683,1361666,False,20210114,REPUBLICAN
2000,ARIZONA,AZ,4,86,61,US SENATE,statewide,gen,False,BARRY J. HESS II,LIBERTARIAN,False,total,70724,1397076,False,20210114,LIBERTARIAN
2012,UTAH,UT,49,87,67,US SENATE,statewide,gen,False,,,True,total,1,1006901,False,20210114,OTHER
2010,WISCONSIN,WI,55,35,25,US SENATE,statewide,gen,False,BLANK VOTE/SCATTERING,,False,total,638,2171331,False,20210114,OTHER
2016,OHIO,OH,39,31,24,US SENATE,statewide,gen,False,JOSEPH R. DEMARE,GREEN,False,total,88246,5374164,False,20210114,OTHER
2000,PENNSYLVANIA,PA,42,23,14,US SENATE,statewide,gen,False,JOHN J. FEATHERMAN,LIBERTARIAN,False,total,45775,4735116,False,20210114,LIBERTARIAN
1988,UTAH,UT,49,87,67,US SENATE,statewide,gen,False,ROBERT J. SMITH,AMERICAN,False,total,6016,640702,False,20210114,OTHER
1994,NEW MEXICO,NM,35,85,66,US SENATE,statewide,gen,False,JEFF BINGAMAN,DEMOCRAT,False,total,249989,463196,False,20210114,DEMOCRAT
1992,CONNECTICUT,CT,9,16,1,US SENATE,statewide,gen,False,RICHARD D. GREGORY,CONCERNED CITIZENS,False,total,35315,1500661,False,20210114,OTHER
2004,NEVADA,NV,32,88,65,US SENATE,statewide,gen,False,GARY MARINCH,NATURAL LAW,False,total,2095,810068,False,20210114,OTHER
1998,NEW YORK,NY,36,21,13,US SENATE,statewide,gen,False,ROSE ANA BERBEO,SOCIALIST WORKERS,False,total,3513,4989877,False,20210114,OTHER
2018,MINNESOTA,MN,27,41,33,US SENATE,statewide,gen,True,SARAH WELLINGTON,LEGAL MARIJUANA NOW,False,total,95614,2587356,False,20210114,OTHER
2006,FLORIDA,FL,12,59,43,US SENATE,statewide,gen,False,BELINDA NOAH,NONE,False,total,24880,4793534,False,20210114,OTHER
2014,IOWA,IA,19,42,31,US SENATE,statewide,gen,False,BRUCE BRALEY,DEMOCRAT,False,total,494370,1129700,False,20210114,DEMOCRAT
1982,MICHIGAN,MI,26,34,23,US SENATE,statewide,gen,False,HELEN HALYARD,WORKERS LEAGUE,False,total,6085,2994334,False,20210114,OTHER
2006,WYOMING,WY,56,83,68,US SENATE,statewide,gen,False,BLANK VOTE,,False,total,3019,196215,False,20210114,OTHER
2016,SOUTH CAROLINA,SC,45,57,48,US SENATE,statewide,gen,False,BILL BLEDSOE,CONSTITUTION,False,total,12652,2049893,False,20210114,OTHER
2004,GEORGIA,GA,13,58,44,US SENATE,statewide,gen,False,ALLEN BUCKLEY,LIBERTARIAN,False,total,69051,3220981,False,20210114,LIBERTARIAN
1984,NEW JERSEY,NJ,34,22,12,US SENATE,statewide,gen,False,BILL BRADLEY,DEMOCRAT,False,total,1986644,3096456,False,20210114,DEMOCRAT
2006,MAINE,ME,23,11,2,US SENATE,statewide,gen,False,JEAN M. HAY BRIGHT,DEMOCRAT,False,total,113131,545128,False,20210114,DEMOCRAT
1978,OREGON,OR,41,92,72,US SENATE,statewide,gen,False,VERN COOK,DEMOCRAT,False,total,341616,892518,False,20210114,DEMOCRAT
1982,INDIANA,IN,18,32,22,US SENATE,statewide,gen,False,FLOYD J. FITHIAN,DEMOCRAT,False,total,828400,1817287,False,20210114,DEMOCRAT
2006,MAINE,ME,23,11,2,US SENATE,statewide,gen,False,WILLIAM H. SLAVICK,INDEPENDENT,False,total,26222,545128,False,20210114,OTHER
1996,DELAWARE,DE,10,51,11,US SENATE,statewide,gen,False,RAYMOND J. CLATWORTHY,REPUBLICAN,False,total,105088,275591,False,20210114,REPUBLICAN
2004,NEVADA,NV,32,88,65,US SENATE,statewide,gen,False,THOMAS L. HURST,LIBERTARIAN,False,total,9559,810068,False,20210114,LIBERTARIAN
1996,GEORGIA,GA,13,58,44,US SENATE,statewide,gen,False,JOHN GREGORY CASHIN,LIBERTARIAN,False,total,81262,2259224,False,20210114,LIBERTARIAN
2000,RHODE ISLAND,RI,44,15,5,US SENATE,statewide,gen,False,ROBERT A. WEYGAND,DEMOCRAT,False,total,161023,391353,False,20210114,DEMOCRAT
2012,MISSOURI,MO,29,43,34,US SENATE,statewide,gen,False,,,True,total,2,2725793,False,20210114,OTHER
1994,TENNESSEE,TN,47,62,54,US SENATE,statewide,gen,True,JON WALLS,INDEPENDENT,False,total,1532,1465862,False,20210114,OTHER
2006,ARIZONA,AZ,4,86,61,US SENATE,statewide,gen,False,JON KYL,REPUBLICAN,False,total,814398,1526782,False,20210114,REPUBLICAN
2020,OREGON,OR,41,92,72,US SENATE,statewide,gen,False,IBRAHIM A TAHER,PACIFIC GREEN,False,total,42239,2321249,False,20210114,OTHER
1976,PENNSYLVANIA,PA,42,23,14,US SENATE,statewide,gen,False,ANDREW J. WATSON,CONSTITUTION,False,total,26028,4546353,False,20210114,OTHER
2010,IDAHO,ID,16,82,63,US SENATE,statewide,gen,False,,,True,total,91,449530,False,20210114,OTHER
1988,HAWAII,HI,15,95,82,US SENATE,statewide,gen,False,MARIA M. HUSTACE,REPUBLICAN,False,total,66987,323876,False,20210114,REPUBLICAN
1978,MASSACHUSETTS,MA,25,14,3,US SENATE,statewide,gen,False,OTHER,,False,total,1833,1985700,False,20210114,OTHER
2014,NEBRASKA,NE,31,46,35,US SENATE,statewide,gen,False,DAVE DOMINA,DEMOCRAT,False,total,170127,540337,False,20210114,DEMOCRAT
2000,CONNECTICUT,CT,9,16,1,US SENATE,statewide,gen,False,JOSEPH I. LIEBERMAN,DEMOCRAT,False,total,828902,1311261,False,20210114,DEMOCRAT
1980,KANSAS,KS,20,47,32,US SENATE,statewide,gen,False,JOHN SIMPSON,DEMOCRAT,False,total,340271,938957,False,20210114,DEMOCRAT
2008,MICHIGAN,MI,26,34,23,US SENATE,statewide,gen,False,HARLEY G. MIKKELSON,GREEN,False,total,43440,4848620,False,20210114,OTHER
2018,MASSACHUSETTS,MA,25,14,3,US SENATE,statewide,gen,False,GEOFF DIEHL,REPUBLICAN,False,total,979210,2707090,False,20210114,REPUBLICAN
2020,LOUISIANA,LA,22,72,45,US SENATE,statewide,gen,False,"""BILL"" CASSIDY",REPUBLICAN,False,total,1228908,2071543,False,20210114,REPUBLICAN
2016,UTAH,UT,49,87,67,US SENATE,statewide,gen,False,MISTY K. SNOW,DEMOCRAT,False,total,301858,1115583,False,20210114,DEMOCRAT
2016,FLORIDA,FL,12,59,43,US SENATE,statewide,gen,False,,,True,total,50,9301820,False,20210114,OTHER
2016,ILLINOIS,IL,17,33,21,US SENATE,statewide,gen,False,,,True,total,5,5491878,False,20210114,OTHER
1990,RHODE ISLAND,RI,44,15,5,US SENATE,statewide,gen,False,,,True,total,10,364062,False,20210114,OTHER
2014,TENNESSEE,TN,47,62,54,US SENATE,statewide,gen,False,EDMUND L. GAUTHIER,INDEPENDENT,False,total,2314,1374065,False,20210114,OTHER
1994,VERMONT,VT,50,13,6,US SENATE,statewide,gen,False,JOSEPH VICTOR PARDO,NATURAL LAW,False,total,709,211672,False,20210114,OTHER
2020,GEORGIA,GA,13,58,44,US SENATE,statewide,gen,True,RICHARD DIEN WINFIELD,DEMOCRAT,False,total,28687,4914361,False,20210114,DEMOCRAT
1986,NEVADA,NV,32,88,65,US SENATE,statewide,gen,False,JIM SANTINI,REPUBLICAN,False,total,116606,261932,False,20210114,REPUBLICAN
2016,ARKANSAS,AR,5,71,42,US SENATE,statewide,gen,False,FRANK GILBERT,LIBERTARIAN,False,total,43866,1107522,False,20210114,LIBERTARIAN
2012,MICHIGAN,MI,26,34,23,US SENATE,statewide,gen,False,DEBBIE STABENOW,DEMOCRAT,False,total,2735826,4652918,False,20210114,DEMOCRAT
1986,CALIFORNIA,CA,6,93,71,US SENATE,statewide,gen,False,"EDWARD B. ""ED"" VALLEN",INDEPENDENT,False,total,109856,7398462,False,20210114,OTHER
2010,MARYLAND,MD,24,52,52,US SENATE,statewide,gen,False,,,True,total,14,1833858,False,20210114,OTHER
2006,CALIFORNIA,CA,6,93,71,US SENATE,statewide,gen,False,DIANNE FEINSTEIN,DEMOCRAT,False,total,5076289,8541476,False,20210114,DEMOCRAT
1980,OHIO,OH,39,31,24,US SENATE,statewide,gen,False,JOHN GLENN,DEMOCRAT,False,total,2770786,4027303,False,20210114,DEMOCRAT
2006,PENNSYLVANIA,PA,42,23,14,US SENATE,statewide,gen,False,"BOB CASEY, JR.",DEMOCRAT,False,total,2392984,4081043,False,20210114,DEMOCRAT
2002,LOUISIANA,LA,22,72,45,US SENATE,statewide,gen,False,RAYMOND BROWN,DEMOCRAT,False,total,23553,2481629,False,20210114,DEMOCRAT
2000,MARYLAND,MD,24,52,52,US SENATE,statewide,gen,False,PAUL H. RAPPAPORT,REPUBLICAN,False,total,715178,1946898,False,20210114,REPUBLICAN
1996,ALABAMA,AL,1,63,41,US SENATE,statewide,gen,False,MARK THORNTON,LIBERTARIAN,False,total,21550,1499393,False,20210114,LIBERTARIAN
1990,GEORGIA,GA,13,58,44,US SENATE,statewide,gen,False,SAM NUNN,DEMOCRAT,False,total,1033439,1033439,False,20210114,DEMOCRAT
1994,VIRGINIA,VA,51,54,40,US SENATE,statewide,gen,False,"OLIVER L. ""OLLIE"" NORTH",REPUBLICAN,False,total,882213,2057463,False,20210114,REPUBLICAN
2012,DELAWARE,DE,10,51,11,US SENATE,statewide,gen,False,ANDREW RICHARD GROFF,GREEN,False,total,3191,399606,False,20210114,OTHER
2010,WISCONSIN,WI,55,35,25,US SENATE,statewide,gen,False,MICHAEL D. LAFOREST,INDEPENDENT,False,total,129,2171331,False,20210114,OTHER
1998,VERMONT,VT,50,13,6,US SENATE,statewide,gen,False,FRED H. TUTTLE,REPUBLICAN,False,total,48051,214036,False,20210114,REPUBLICAN
2014,MICHIGAN,MI,26,34,23,US SENATE,statewide,gen,False,RICHARD A. MATKIN,U.S. TAXPAYERS,False,total,37529,3121771,False,20210114,OTHER
1988,NEW YORK,NY,36,21,13,US SENATE,statewide,gen,False,ROBERT R. MCMILLAN,REPUBLICAN,False,total,1686558,6040980,False,20210114,REPUBLICAN
1992,ARIZONA,AZ,4,86,61,US SENATE,statewide,gen,False,CLAIRE SARGENT,DEMOCRAT,False,total,436321,1382051,False,20210114,DEMOCRAT
2016,VERMONT,VT,50,13,6,US SENATE,statewide,gen,False,VOID VOTE,,False,total,466,320467,False,20210114,OTHER
2008,COLORADO,CO,8,84,62,US SENATE,statewide,gen,False,,,True,total,9,2331621,False,20210114,OTHER
1986,UTAH,UT,49,87,67,US SENATE,statewide,gen,False,,,True,total,94,435111,False,20210114,OTHER
2010,ALASKA,AK,2,94,81,US SENATE,statewide,gen,False,TIM CARTER,NONAFFILIATED,False,total,927,255503,False,20210114,OTHER
2002,DELAWARE,DE,10,51,11,US SENATE,statewide,gen,False,JOSEPH R. BIDEN JR.,DEMOCRAT,False,total,135253,232314,False,20210114,DEMOCRAT
2006,VIRGINIA,VA,51,54,40,US SENATE,statewide,gen,False,"JAMES H. ""JIM"" WEBB, JR.",DEMOCRAT,False,total,1175606,2370445,False,20210114,DEMOCRAT
2016,CONNECTICUT,CT,9,16,1,US SENATE,statewide,gen,False,DAN CARTER,REPUBLICAN,False,total,552621,1596276,False,20210114,REPUBLICAN
1986,IOWA,IA,19,42,31,US SENATE,statewide,gen,False,JOHN MASTERS,NOMINATED BY PETITION,False,total,3370,891762,False,20210114,OTHER
1996,NEW MEXICO,NM,35,85,66,US SENATE,statewide,gen,False,BRUCE M. BUSH,LIBERTARIAN,False,total,6064,551821,False,20210114,LIBERTARIAN
1986,WISCONSIN,WI,55,35,25,US SENATE,statewide,gen,False,SCATTER,,False,total,1212,1483174,False,20210114,OTHER
1982,INDIANA,IN,18,32,22,US SENATE,statewide,gen,False,RICHARD G. LUGAR,REPUBLICAN,False,total,978301,1817287,False,20210114,REPUBLICAN
1978,NEW JERSEY,NJ,34,22,12,US SENATE,statewide,gen,False,WILLIAM R. THORN,INDEPENDENT,False,total,2776,1957515,False,20210114,OTHER
1976,MISSOURI,MO,29,43,34,US SENATE,statewide,gen,False,LAWRENE (RED) PETTY,INDEPENDENT,False,total,10822,1914460,False,20210114,OTHER
2016,VERMONT,VT,50,13,6,US SENATE,statewide,gen,False,BLANK VOTE,,False,total,6192,320467,False,20210114,OTHER
2004,INDIANA,IN,18,32,22,US SENATE,statewide,gen,False,ALBERT BARGER,LIBERTARIAN,False,total,27344,2428233,False,20210114,LIBERTARIAN
2002,KANSAS,KS,20,47,32,US SENATE,statewide,gen,False,GEORGE COOK,REFORM,False,total,65050,776850,False,20210114,OTHER
2014,VIRGINIA,VA,51,54,40,US SENATE,statewide,gen,False,ROBERT C. SARVIS,LIBERTARIAN,False,total,53102,2184473,False,20210114,LIBERTARIAN
1976,FLORIDA,FL,12,59,43,US SENATE,statewide,gen,False,JOHN GRADY,REPUBLICAN,False,total,1057886,2857534,False,20210114,REPUBLICAN
2002,SOUTH DAKOTA,SD,46,45,37,US SENATE,statewide,gen,False,KURT EVANS,LIBERTARIAN,False,total,3071,337501,False,20210114,LIBERTARIAN
2004,PENNSYLVANIA,PA,42,23,14,US SENATE,statewide,gen,False,JOSEPH M. HOEFFEL,DEMOCRAT,False,total,2334126,5559105,False,20210114,DEMOCRAT
2018,NEW YORK,NY,36,21,13,US SENATE,statewide,gen,False,CHELE CHIAVACCI FARLEY,REPUBLICAN,False,total,1730439,6055151,False,20210114,REPUBLICAN
1986,COLORADO,CO,8,84,62,US SENATE,statewide,gen,False,CALVIN G. DODGE,PROHIBITION,False,total,1571,1060765,False,20210114,OTHER
1984,COLORADO,CO,8,84,62,US SENATE,statewide,gen,False,NANCY DICK,DEMOCRAT,False,total,449327,1297809,False,20210114,DEMOCRAT
1998,IDAHO,ID,16,82,63,US SENATE,statewide,gen,False,BILL MAUK,DEMOCRAT,False,total,107375,378174,False,20210114,DEMOCRAT
2016,LOUISIANA,LA,22,72,45,US SENATE,statewide,gen,False,"""ROB"" MANESS",REPUBLICAN,False,total,90856,1997218,False,20210114,REPUBLICAN
2016,NEW YORK,NY,36,21,13,US SENATE,statewide,gen,False,CHARLES E. SCHUMER,WORKING FAMILIES,False,total,241672,7800725,False,20210114,OTHER
2020,VIRGINIA,VA,51,54,40,US SENATE,statewide,gen,False,MARK R. WARNER,DEMOCRAT,False,total,2466500,4405087,False,20210114,DEMOCRAT
2000,MISSISSIPPI,MS,28,64,46,US SENATE,statewide,gen,False,TRENT LOTT,REPUBLICAN,False,total,654941,994144,False,20210114,REPUBLICAN
2002,COLORADO,CO,8,84,62,US SENATE,statewide,gen,False,"DOULGAS ""DAYHORSE"" CAMPBELL",AMERICAN CONSTITUTION,False,total,21547,1416082,False,20210114,OTHER
2014,TENNESSEE,TN,47,62,54,US SENATE,statewide,gen,False,ERIC SCHECHTER,INDEPENDENT,False,total,1673,1374065,False,20210114,OTHER
1996,MICHIGAN,MI,26,34,23,US SENATE,statewide,gen,False,RONNA ROMNEY,REPUBLICAN,False,total,1500106,3762575,False,20210114,REPUBLICAN
1978,MICHIGAN,MI,26,34,23,US SENATE,statewide,gen,False,SCATTER,,False,total,272,2846630,False,20210114,OTHER
2008,MINNESOTA,MN,27,41,33,US SENATE,statewide,gen,False,,,True,total,13,2887646,False,20210114,OTHER
2020,GEORGIA,GA,13,58,44,US SENATE,statewide,gen,True,BRIAN SLOWINSKI,LIBERTARIAN,False,total,35431,4914361,False,20210114,LIBERTARIAN
2020,GEORGIA,GA,13,58,44,US SENATE,statewide,gen,True,RAPHAEL WARNOCK,DEMOCRAT,False,total,1617035,4914361,False,20210114,DEMOCRAT
2010,KENTUCKY,KY,21,61,51,US SENATE,statewide,gen,False,RAND PAUL,REPUBLICAN,False,total,755706,1356096,False,20210114,REPUBLICAN
1992,CALIFORNIA,CA,6,93,71,US SENATE,statewide,gen,True,,,True,total,122,10782743,False,20210114,OTHER
2000,VERMONT,VT,50,13,6,US SENATE,statewide,gen,False,RICK HUBBARD,INDEPENDENT,False,total,5366,288500,False,20210114,OTHER
2004,IOWA,IA,19,42,31,US SENATE,statewide,gen,False,EDWIN FRUIT,SOCIALIST WORKERS,False,total,1874,1479228,False,20210114,OTHER
1986,PENNSYLVANIA,PA,42,23,14,US SENATE,statewide,gen,False,ARLEN SPECTER,REPUBLICAN,False,total,1906537,3378226,False,20210114,REPUBLICAN
1976,OHIO,OH,39,31,24,US SENATE,statewide,gen,False,"ROBERT TAFT, JR.",REPUBLICAN,False,total,1823774,3920613,False,20210114,REPUBLICAN
2008,LOUISIANA,LA,22,72,45,US SENATE,statewide,gen,False,MARY L. LANDRIEU,DEMOCRAT,False,total,988298,1896574,False,20210114,DEMOCRAT
2014,WYOMING,WY,56,83,68,US SENATE,statewide,gen,False,,,True,total,471,171153,False,20210114,OTHER
2020,DELAWARE,DE,10,51,11,US SENATE,statewide,gen,False,NADINE M. FROST,LIBERTARIAN,False,total,5244,490935,False,20210114,LIBERTARIAN
1984,NEW HAMPSHIRE,NH,33,12,4,US SENATE,statewide,gen,False,SAUNDER H. PRIMACK,LIBERTARIAN,False,total,1094,384369,False,20210114,LIBERTARIAN
2010,NEW YORK,NY,36,21,13,US SENATE,statewide,gen,True,BRUCE BLAKEMAN,TAX REVOLT,False,total,4516,4757635,False,20210114,OTHER
1982,VERMONT,VT,50,13,6,US SENATE,statewide,gen,False,JERRY LEVY,LIBERTY UNION,False,total,774,168002,False,20210114,OTHER
2014,IDAHO,ID,16,82,63,US SENATE,statewide,gen,False,NELS MITCHELL,DEMOCRAT,False,total,151574,437170,False,20210114,DEMOCRAT
2020,MASSACHUSETTS,MA,25,14,3,US SENATE,statewide,gen,False,EDWARD J. MARKEY,DEMOCRAT,False,total,2357809,3658005,False,20210114,DEMOCRAT
2018,VIRGINIA,VA,51,54,40,US SENATE,statewide,gen,False,TIMOTHY M. KAINE,DEMOCRAT,False,total,1910370,3351373,False,20210114,DEMOCRAT
2006,MICHIGAN,MI,26,34,23,US SENATE,statewide,gen,False,MICHAEL BOUCHARD,REPUBLICAN,False,total,1559597,3780142,False,20210114,REPUBLICAN
1998,OKLAHOMA,OK,40,73,53,US SENATE,statewide,gen,False,DON NICKLES,REPUBLICAN,False,total,570682,859713,False,20210114,REPUBLICAN
1996,MAINE,ME,23,11,2,US SENATE,statewide,gen,False,WILLIAM P. CLARKE,U.S. TAXPAYERS,False,total,18618,606777,False,20210114,OTHER
1988,ARIZONA,AZ,4,86,61,US SENATE,statewide,gen,False,,,True,total,32,1164539,False,20210114,OTHER
2010,FLORIDA,FL,12,59,43,US SENATE,statewide,gen,False,KENDRICK B. MEEK,DEMOCRAT,False,total,1092936,5411106,False,20210114,DEMOCRAT
2006,VERMONT,VT,50,13,6,US SENATE,statewide,gen,False,BERNARD SANDERS,INDEPENDENT,False,total,171638,262419,False,20210114,OTHER
2004,OREGON,OR,41,92,72,US SENATE,statewide,gen,False,TERESA KEANE,PACIFIC GREEN,False,total,43053,1780550,False,20210114,OTHER
2010,NEW YORK,NY,36,21,13,US SENATE,statewide,gen,False,JAY TOWNSEND,CONSERVATIVE,False,total,240818,4763899,False,20210114,OTHER
1982,VIRGINIA,VA,51,54,40,US SENATE,statewide,gen,False,RICHARD J. (DICK) DAVIS,DEMOCRAT,False,total,690839,1415622,False,20210114,DEMOCRAT
2016,OKLAHOMA,OK,40,73,53,US SENATE,statewide,gen,False,JAMES LANKFORD,REPUBLICAN,False,total,980892,1448047,False,20210114,REPUBLICAN
2020,IDAHO,ID,16,82,63,US SENATE,statewide,gen,False,PAULETTE JORDAN,DEMOCRAT,False,total,285864,859827,False,20210114,DEMOCRAT
2020,SOUTH DAKOTA,SD,46,45,37,US SENATE,statewide,gen,False,DAN AHLERS,DEMOCRAT,False,total,143987,420219,True,20210114,DEMOCRAT
1980,CALIFORNIA,CA,6,93,71,US SENATE,statewide,gen,False,PAUL GANN,REPUBLICAN,False,total,3091671,8324012,False,20210114,REPUBLICAN
2002,MINNESOTA,MN,27,41,33,US SENATE,statewide,gen,False,RAY TRICOMO,GREEN,False,total,10119,2254636,False,20210114,OTHER
2020,MAINE,ME,23,11,2,US SENATE,statewide,gen,False,SUSAN MARGARET COLLINS,REPUBLICAN,False,total,417645,828305,False,20210114,REPUBLICAN
1988,MINNESOTA,MN,27,41,33,US SENATE,statewide,gen,False,POLLY MANN,PROGRESSIVE ISSUES,False,total,44474,2093953,False,20210114,OTHER
1978,NEW JERSEY,NJ,34,22,12,US SENATE,statewide,gen,False,BILL BRADLEY,DEMOCRAT,False,total,1082960,1957515,False,20210114,DEMOCRAT
2020,OKLAHOMA,OK,40,73,53,US SENATE,statewide,gen,False,ABBY BROYLES,DEMOCRAT,False,total,509763,1556361,False,20210114,DEMOCRAT
2010,VERMONT,VT,50,13,6,US SENATE,statewide,gen,False,PATRICK J. LEAHY,DEMOCRAT,False,total,151281,235178,False,20210114,DEMOCRAT
2010,NEVADA,NV,32,88,65,US SENATE,statewide,gen,False,JESSE HOLLAND,INDEPENDENT,False,total,3175,721404,False,20210114,OTHER
2008,NEW JERSEY,NJ,34,22,12,US SENATE,statewide,gen,False,JEFFREY BOSS,BOSS FOR SENATE,False,total,10345,3482445,False,20210114,OTHER
2012,CONNECTICUT,CT,9,16,1,US SENATE,statewide,gen,False,,,True,total,6414,1511764,False,20210114,OTHER
2008,IDAHO,ID,16,82,63,US SENATE,statewide,gen,False,JIM RISCH,REPUBLICAN,False,total,371744,644780,False,20210114,REPUBLICAN
2020,OREGON,OR,41,92,72,US SENATE,statewide,gen,False,GARY DYE,LIBERTARIAN,False,total,42747,2321249,False,20210114,LIBERTARIAN
1984,VIRGINIA,VA,51,54,40,US SENATE,statewide,gen,False,OTHER,,False,total,151,2007487,False,20210114,OTHER
1980,CONNECTICUT,CT,9,16,1,US SENATE,statewide,gen,False,,,True,total,114,1356075,False,20210114,OTHER
2016,WISCONSIN,WI,55,35,25,US SENATE,statewide,gen,False,PHILIP N. ANDERSON,LIBERTARIAN,False,total,87531,2948741,False,20210114,LIBERTARIAN
2004,NEVADA,NV,32,88,65,US SENATE,statewide,gen,False,RICHARD ZISER,REPUBLICAN,False,total,284640,810068,False,20210114,REPUBLICAN
1988,UTAH,UT,49,87,67,US SENATE,statewide,gen,False,BRIAN H. MOSS,DEMOCRAT,False,total,203364,640702,False,20210114,DEMOCRAT
1990,NEBRASKA,NE,31,46,35,US SENATE,statewide,gen,False,J. JAMES EXON,DEMOCRAT,False,total,349779,593828,False,20210114,DEMOCRAT
1992,UTAH,UT,49,87,67,US SENATE,statewide,gen,False,ROBERT F. BENNETT,REPUBLICAN,False,total,420069,758479,False,20210114,REPUBLICAN
1980,NORTH CAROLINA,NC,37,56,47,US SENATE,statewide,gen,False,REBECCA FINCH,SOCIALIST WORKERS,False,total,4346,1797665,False,20210114,OTHER
1980,NORTH CAROLINA,NC,37,56,47,US SENATE,statewide,gen,False,JOHN P. EAST,REPUBLICAN,False,total,898064,1797665,False,20210114,REPUBLICAN
2012,UTAH,UT,49,87,67,US SENATE,statewide,gen,False,ORRIN G. HATCH,REPUBLICAN,False,total,657608,1006901,False,20210114,REPUBLICAN
2020,GEORGIA,GA,13,58,44,US SENATE,statewide,gen,True,TAMARA JOHNSON-SHEALEY,DEMOCRAT,False,total,106767,4914361,False,20210114,DEMOCRAT
1998,OHIO,OH,39,31,24,US SENATE,statewide,gen,False,,,True,total,210,3404351,False,20210114,OTHER
2014,KENTUCKY,KY,21,61,51,US SENATE,statewide,gen,False,,,True,total,53,1435868,False,20210114,OTHER
1976,CONNECTICUT,CT,9,16,1,US SENATE,statewide,gen,False,SCATTER,,False,total,558,1361666,False,20210114,OTHER
2016,VERMONT,VT,50,13,6,US SENATE,statewide,gen,False,SCOTT MILNE,REPUBLICAN,False,total,103637,320467,False,20210114,REPUBLICAN
1994,DELAWARE,DE,10,51,11,US SENATE,statewide,gen,False,"WILLIAM V. ROTH, JR.",REPUBLICAN,False,total,111074,199000,False,20210114,REPUBLICAN
2008,MINNESOTA,MN,27,41,33,US SENATE,statewide,gen,False,CHARLES ALDRICH,LIBERTARIAN,False,total,13923,2887646,False,20210114,LIBERTARIAN
1978,NEW JERSEY,NJ,34,22,12,US SENATE,statewide,gen,False,J. M. CARTER JR. ,INDEPENDENT,False,total,3618,1957515,False,20210114,OTHER
1988,WISCONSIN,WI,55,35,25,US SENATE,statewide,gen,False,HERBERT H. KOHL,DEMOCRAT,False,total,1128625,2168190,False,20210114,DEMOCRAT
2016,LOUISIANA,LA,22,72,45,US SENATE,statewide,gen,False,"CHARLES W. BOUSTANY, JR.",REPUBLICAN,False,total,298008,1997218,False,20210114,REPUBLICAN
2004,MISSOURI,MO,29,43,34,US SENATE,statewide,gen,False,NANCY FARMER,DEMOCRAT,False,total,1158261,2706402,False,20210114,DEMOCRAT
1976,WISCONSIN,WI,55,35,25,US SENATE,statewide,gen,False,ROBERT SCHWARZ,SOCIALIST WORKERS,False,total,4876,1935183,False,20210114,OTHER
2010,CALIFORNIA,CA,6,93,71,US SENATE,statewide,gen,False,,,True,total,5,10000160,False,20210114,OTHER
2000,MISSISSIPPI,MS,28,64,46,US SENATE,statewide,gen,False,LEWIS NAPPER,LIBERTARIAN,False,total,8454,994144,False,20210114,LIBERTARIAN
1992,CONNECTICUT,CT,9,16,1,US SENATE,statewide,gen,False,BROOK JOHNSON,REPUBLICAN,False,total,572036,1500661,False,20210114,REPUBLICAN
1994,TENNESSEE,TN,47,62,54,US SENATE,statewide,gen,True,HOBART R. LUMPKIN,INDEPENDENT,False,total,1184,1465862,False,20210114,OTHER
2016,GEORGIA,GA,13,58,44,US SENATE,statewide,gen,False,JOHNNY ISAKSON,REPUBLICAN,False,total,2135806,3898605,False,20210114,REPUBLICAN
2000,VIRGINIA,VA,51,54,40,US SENATE,statewide,gen,False,GEORGE F. ALLEN,REPUBLICAN,False,total,1420460,2718301,False,20210114,REPUBLICAN
1998,ALASKA,AK,2,94,81,US SENATE,statewide,gen,False,FRANK H. MURKOWSKI,REPUBLICAN,False,total,165227,221807,False,20210114,REPUBLICAN
1986,NEVADA,NV,32,88,65,US SENATE,statewide,gen,False,HARRY REID,DEMOCRAT,False,total,130955,261932,False,20210114,DEMOCRAT
1986,VERMONT,VT,50,13,6,US SENATE,statewide,gen,False,PATRICK LEAHY,DEMOCRAT,False,total,124123,196532,False,20210114,DEMOCRAT
1986,GEORGIA,GA,13,58,44,US SENATE,statewide,gen,False,,,True,total,60,1225008,False,20210114,OTHER
2000,HAWAII,HI,15,95,82,US SENATE,statewide,gen,False,LLOYD JEFFREY MALLAN,LIBERTARIAN,False,total,3127,345623,False,20210114,LIBERTARIAN
2004,MISSOURI,MO,29,43,34,US SENATE,statewide,gen,False,CHRISTOPHER S. BOND,REPUBLICAN,False,total,1518089,2706402,False,20210114,REPUBLICAN
1996,OKLAHOMA,OK,40,73,53,US SENATE,statewide,gen,False,JIM BOREN,DEMOCRAT,False,total,474162,1183150,False,20210114,DEMOCRAT
1990,NORTH CAROLINA,NC,37,56,47,US SENATE,statewide,gen,False,JESSE HELMS,REPUBLICAN,False,total,1087331,2069585,False,20210114,REPUBLICAN
1990,MINNESOTA,MN,27,41,33,US SENATE,statewide,gen,False,,,True,total,1851,1808045,False,20210114,OTHER
2010,WISCONSIN,WI,55,35,25,US SENATE,statewide,gen,False,ROB TAYLOR,CONSTITUTION PARTY OF WISCONSIN,False,total,23473,2171331,False,20210114,OTHER
2016,GEORGIA,GA,13,58,44,US SENATE,statewide,gen,False,ALLEN BUCKLEY,LIBERTARIAN,False,total,162260,3898605,False,20210114,LIBERTARIAN
2000,NEW YORK,NY,36,21,13,US SENATE,statewide,gen,False,BLANK VOTE/SCATTERING,,False,total,179823,6959662,False,20210114,OTHER
1996,OREGON,OR,41,92,72,US SENATE,statewide,gen,False,GARY KUTCHER,GREEN,False,total,14193,1360230,False,20210114,OTHER
2016,OHIO,OH,39,31,24,US SENATE,statewide,gen,False,ROB PORTMAN,REPUBLICAN,False,total,3118567,5374164,False,20210114,REPUBLICAN
1988,MASSACHUSETTS,MA,25,14,3,US SENATE,statewide,gen,False,EDWARD M. KENNEDY,DEMOCRAT,False,total,1693344,2606225,False,20210114,DEMOCRAT
2020,IDAHO,ID,16,82,63,US SENATE,statewide,gen,False,JIM RISCH,REPUBLICAN,False,total,538446,859827,False,20210114,REPUBLICAN
1990,MASSACHUSETTS,MA,25,14,3,US SENATE,statewide,gen,False,JOHN F. KERRY,DEMOCRAT,False,total,1321712,2424579,False,20210114,DEMOCRAT
2012,MONTANA,MT,30,81,64,US SENATE,statewide,gen,False,DAN COX,LIBERTARIAN,False,total,31892,486066,False,20210114,LIBERTARIAN
2016,MISSOURI,MO,29,43,34,US SENATE,statewide,gen,False,,,True,total,53,2802637,False,20210114,OTHER
1992,OREGON,OR,41,92,72,US SENATE,statewide,gen,False,LES AUCOIN,DEMOCRAT,False,total,639851,1376033,False,20210114,DEMOCRAT
2018,MISSISSIPPI,MS,28,64,46,US SENATE,statewide,gen,False,ROGER F. WICKER,REPUBLICAN,False,total,547619,936215,False,20210114,REPUBLICAN
1992,ALASKA,AK,2,94,81,US SENATE,statewide,gen,False,,,True,total,467,239714,False,20210114,OTHER
1994,NEW YORK,NY,36,21,13,US SENATE,statewide,gen,False,NORMA SEGAL,LIBERTARIAN,False,total,17991,5328486,False,20210114,LIBERTARIAN
2014,NEBRASKA,NE,31,46,35,US SENATE,statewide,gen,False,BEN SASSE,REPUBLICAN,False,total,347636,540337,False,20210114,REPUBLICAN
2012,NEW YORK,NY,36,21,13,US SENATE,statewide,gen,False,CHRIS EDES,LIBERTARIAN,False,total,31894,7116628,False,20210114,LIBERTARIAN
2010,OREGON,OR,41,92,72,US SENATE,statewide,gen,False,MARC DELPHINE,LIBERTARIAN,False,total,16028,1442588,False,20210114,LIBERTARIAN
1978,NEW MEXICO,NM,35,85,66,US SENATE,statewide,gen,False,PETE V. DOMENICI,REPUBLICAN,False,total,183442,343487,False,20210114,REPUBLICAN
2000,CONNECTICUT,CT,9,16,1,US SENATE,statewide,gen,False,PHIL GIORDANO,REPUBLICAN,False,total,448077,1311261,False,20210114,REPUBLICAN
1988,MICHIGAN,MI,26,34,23,US SENATE,statewide,gen,False,OTHER,,False,total,4877,3505985,False,20210114,OTHER
1986,MARYLAND,MD,24,52,52,US SENATE,statewide,gen,False,BARBARA A. MIKULSKI,DEMOCRAT,False,total,675225,1112637,False,20210114,DEMOCRAT
1988,VERMONT,VT,50,13,6,US SENATE,statewide,gen,False,JERRY LEVY,LIBERTY UNION,False,total,2533,240108,False,20210114,OTHER
2004,KENTUCKY,KY,21,61,51,US SENATE,statewide,gen,False,DANIEL MONGIARDO,DEMOCRAT,False,total,850855,1724362,False,20210114,DEMOCRAT
2004,IOWA,IA,19,42,31,US SENATE,statewide,gen,False,ARTHUR SMALL,DEMOCRAT,False,total,412365,1479228,False,20210114,DEMOCRAT
1996,NORTH CAROLINA,NC,37,56,47,US SENATE,statewide,gen,False,JESSE HELMS,REPUBLICAN,False,total,1345833,2556456,False,20210114,REPUBLICAN
2004,FLORIDA,FL,12,59,43,US SENATE,statewide,gen,False,DENNIS F. BRADLEY,VETERANS PARTY OF AMERICA,False,total,166642,7429894,False,20210114,OTHER
1998,NEW YORK,NY,36,21,13,US SENATE,statewide,gen,False,ALFONSE D'AMATO,REPUBLICAN,False,total,1680203,4989877,False,20210114,REPUBLICAN
2008,MICHIGAN,MI,26,34,23,US SENATE,statewide,gen,False,CARL LEVIN,DEMOCRAT,False,total,3038386,4848620,False,20210114,DEMOCRAT
2010,GEORGIA,GA,13,58,44,US SENATE,statewide,gen,False,CHUCK DONOVAN,LIBERTARIAN,False,total,68750,2555258,False,20210114,LIBERTARIAN
2020,LOUISIANA,LA,22,72,45,US SENATE,statewide,gen,False,DAVID DREW KNIGHT,DEMOCRAT,False,total,36962,2071543,False,20210114,DEMOCRAT
1986,NEW HAMPSHIRE,NH,33,12,4,US SENATE,statewide,gen,False,WARREN B. RUDMAN,REPUBLICAN,False,total,154090,244735,False,20210114,REPUBLICAN
2018,MASSACHUSETTS,MA,25,14,3,US SENATE,statewide,gen,False,ELIZABETH A. WARREN,DEMOCRAT,False,total,1633371,2707090,False,20210114,DEMOCRAT
2012,WISCONSIN,WI,55,35,25,US SENATE,statewide,gen,False,TAMMY BALDWIN,DEMOCRAT,False,total,1547104,3009411,False,20210114,DEMOCRAT
2006,NEW JERSEY,NJ,34,22,12,US SENATE,statewide,gen,False,EDWARD FORCHION,LEGALIZE MARIJUANA (G.R.I.P.),False,total,336,101973,False,20210114,OTHER
1996,NEW HAMPSHIRE,NH,33,12,4,US SENATE,statewide,gen,False,KEN BLEVENS,LIBERTARIAN,False,total,22261,491873,False,20210114,LIBERTARIAN
2004,NEW HAMPSHIRE,NH,33,12,4,US SENATE,statewide,gen,False,,,True,total,102,657086,False,20210114,OTHER
1976,VIRGINIA,VA,51,54,40,US SENATE,statewide,gen,False,"HARRY F. BYRD, JR.",INDEPENDENT,False,total,890778,1557500,False,20210114,OTHER
2002,IDAHO,ID,16,82,63,US SENATE,statewide,gen,False,ALAN BLINKEN,DEMOCRAT,False,total,132975,408544,False,20210114,DEMOCRAT
1980,FLORIDA,FL,12,59,43,US SENATE,statewide,gen,False,,,True,total,159,3528028,False,20210114,OTHER
2020,ARIZONA,AZ,4,86,61,US SENATE,statewide,gen,True,BENJAMIN RODRIGUEZ,INDEPENDENT,True,total,17,3355307,False,20210114,OTHER
2018,VERMONT,VT,50,13,6,US SENATE,statewide,gen,False,BRAD J. PEACOCK,INDEPENDENT,False,total,3787,272624,False,20210114,OTHER
2020,MASSACHUSETTS,MA,25,14,3,US SENATE,statewide,gen,False,BLANK VOTES,,False,total,93869,3658005,False,20210114,OTHER
2002,NEW HAMPSHIRE,NH,33,12,4,US SENATE,statewide,gen,False,,,True,total,2396,447135,False,20210114,OTHER
1978,MINNESOTA,MN,27,41,33,US SENATE,statewide,gen,True,FREDERICK HEWITT,LIBERTARIAN,False,total,4116,1558376,False,20210114,LIBERTARIAN
2014,KENTUCKY,KY,21,61,51,US SENATE,statewide,gen,False,GREGORY D. WELCH,,True,total,64,1435868,False,20210114,OTHER
2012,TENNESSEE,TN,47,62,54,US SENATE,statewide,gen,False,,,True,total,5,2321477,False,20210114,OTHER
2016,FLORIDA,FL,12,59,43,US SENATE,statewide,gen,False,TONY KHOURY,NONE,False,total,45820,9301820,False,20210114,OTHER
2004,ALASKA,AK,2,94,81,US SENATE,statewide,gen,False,TONY KNOWLES,DEMOCRAT,False,total,140424,308315,False,20210114,DEMOCRAT
1988,TENNESSEE,TN,47,62,54,US SENATE,statewide,gen,False,BILL ANDERSEN,REPUBLICAN,False,total,541033,1567181,False,20210114,REPUBLICAN
1996,ALABAMA,AL,1,63,41,US SENATE,statewide,gen,False,CHARLES R. HEBNER,NATURAL LAW,False,total,9123,1499393,False,20210114,OTHER
2012,TENNESSEE,TN,47,62,54,US SENATE,statewide,gen,False,,,True,total,12,2321477,False,20210114,OTHER
2018,MARYLAND,MD,24,52,52,US SENATE,statewide,gen,False,BEN CARDIN,DEMOCRAT,False,total,1491614,2299889,False,20210114,DEMOCRAT
1994,NEW JERSEY,NJ,34,22,12,US SENATE,statewide,gen,False,RICHARD J. PEZZULLO,CONSERVATIVE,False,total,9387,2054887,False,20210114,OTHER
2020,DELAWARE,DE,10,51,11,US SENATE,statewide,gen,False,CHRISTOPHER A. COONS,DEMOCRAT,False,total,291804,490935,False,20210114,DEMOCRAT
2020,TEXAS,TX,48,74,49,US SENATE,statewide,gen,False,"MARY ""MJ"" HEGAR",DEMOCRAT,False,total,4888764,11144040,False,20210114,DEMOCRAT
2004,WASHINGTON,WA,53,91,73,US SENATE,statewide,gen,False,J. MILLS,LIBERTARIAN,False,total,34055,2818651,False,20210114,LIBERTARIAN
2004,UTAH,UT,49,87,67,US SENATE,statewide,gen,False,,,True,total,8824,911726,False,20210114,OTHER
2016,CONNECTICUT,CT,9,16,1,US SENATE,statewide,gen,False,RICHARD LION,LIBERTARIAN,False,total,18190,1596276,False,20210114,LIBERTARIAN
2016,INDIANA,IN,18,32,22,US SENATE,statewide,gen,False,TODD C. YOUNG,REPUBLICAN,False,total,1423991,2732546,False,20210114,REPUBLICAN
1990,NEBRASKA,NE,31,46,35,US SENATE,statewide,gen,False,HAL DAUB,REPUBLICAN,False,total,243013,593828,False,20210114,REPUBLICAN
2018,MARYLAND,MD,24,52,52,US SENATE,statewide,gen,False,TONY CAMPBELL,REPUBLICAN,False,total,697017,2299889,False,20210114,REPUBLICAN
2000,FLORIDA,FL,12,59,43,US SENATE,statewide,gen,False,JOEL DECKARD,REFORM,False,total,17338,5856731,False,20210114,OTHER
1986,COLORADO,CO,8,84,62,US SENATE,statewide,gen,False,KEN KRAMER,REPUBLICAN,False,total,512994,1060765,False,20210114,REPUBLICAN
1978,MAINE,ME,23,11,2,US SENATE,statewide,gen,False,HAYES E. GAHAGAN,INDEPENDENT,False,total,27824,375114,False,20210114,OTHER
2004,IOWA,IA,19,42,31,US SENATE,statewide,gen,False,,,True,total,475,1479228,False,20210114,OTHER
1976,DELAWARE,DE,10,51,11,US SENATE,statewide,gen,False,"WILLIAM V. ROTH, JR.",REPUBLICAN,False,total,125454,224795,False,20210114,REPUBLICAN
2020,IOWA,IA,19,42,31,US SENATE,statewide,gen,False,RICK STEWART,LIBERTARIAN,False,total,36961,1700130,False,20210114,LIBERTARIAN
1978,MISSISSIPPI,MS,28,64,46,US SENATE,statewide,gen,False,JAMES CHARLES EVERS,INDEPENDENT,False,total,133646,590236,False,20210114,OTHER
1994,NEW JERSEY,NJ,34,22,12,US SENATE,statewide,gen,False,FRANK R. LAUTENBERG,DEMOCRAT,False,total,1033487,2054887,False,20210114,DEMOCRAT
1978,MINNESOTA,MN,27,41,33,US SENATE,statewide,gen,False,BRIAN JOHN COYLE,PUBLIC INTEREST INDEPENDENT,False,total,8083,1580622,False,20210114,OTHER
2018,MICHIGAN,MI,26,34,23,US SENATE,statewide,gen,False,MARCIA SQUIER,GREEN,False,total,40204,4237271,False,20210114,OTHER
2012,PENNSYLVANIA,PA,42,23,14,US SENATE,statewide,gen,False,TOM SMITH,REPUBLICAN,False,total,2509132,5627422,False,20210114,REPUBLICAN
2002,LOUISIANA,LA,22,72,45,US SENATE,statewide,gen,False,ERNEST EDWARD SKILLMAN JR.,REPUBLICAN,False,total,1668,2481629,False,20210114,REPUBLICAN
2008,GEORGIA,GA,13,58,44,US SENATE,statewide,gen,False,SAXBY CHAMBLISS,REPUBLICAN,False,total,1228033,2137956,False,20210114,REPUBLICAN
2010,IDAHO,ID,16,82,63,US SENATE,statewide,gen,False,P. TOM SULLIVAN,DEMOCRAT,False,total,112057,449530,False,20210114,DEMOCRAT
1980,LOUISIANA,LA,22,72,45,US SENATE,statewide,gen,False,JERRY C. BARDWELL,REPUBLICAN,False,total,13739,841013,False,20210114,REPUBLICAN
2018,NEVADA,NV,32,88,65,US SENATE,statewide,gen,False,KAMAU A. BAKARI,INDEPENDENT AMERICAN,False,total,7091,972132,False,20210114,OTHER
2002,MINNESOTA,MN,27,41,33,US SENATE,statewide,gen,False,,,True,total,3,2254636,False,20210114,OTHER
2002,VIRGINIA,VA,51,54,40,US SENATE,statewide,gen,False,,,True,total,8371,1489422,False,20210114,OTHER
2008,KANSAS,KS,20,47,32,US SENATE,statewide,gen,False,PAT ROBERTS,REPUBLICAN,False,total,727121,1210690,False,20210114,REPUBLICAN
1990,VIRGINIA,VA,51,54,40,US SENATE,statewide,gen,False,,,True,total,10153,1083690,False,20210114,OTHER
2012,VIRGINIA,VA,51,54,40,US SENATE,statewide,gen,False,,,True,total,6587,3802196,False,20210114,OTHER
1986,UTAH,UT,49,87,67,US SENATE,statewide,gen,False,CRAIG S. OLIVER,DEMOCRAT,False,total,115523,435111,False,20210114,DEMOCRAT
2012,MICHIGAN,MI,26,34,23,US SENATE,statewide,gen,False,,,True,total,4,4652918,False,20210114,OTHER
2000,WISCONSIN,WI,55,35,25,US SENATE,statewide,gen,False,JOHN GILLESPIE,REPUBLICAN,False,total,940744,2540083,False,20210114,REPUBLICAN
2004,UTAH,UT,49,87,67,US SENATE,statewide,gen,False,ROBERT F. BENNETT,REPUBLICAN,False,total,626640,911726,False,20210114,REPUBLICAN
2014,TEXAS,TX,48,74,49,US SENATE,statewide,gen,False,,,True,total,988,4648358,False,20210114,OTHER
2004,CALIFORNIA,CA,6,93,71,US SENATE,statewide,gen,False,"JAMES P. ""JIM"" GRAY",LIBERTARIAN,False,total,216522,12053295,False,20210114,LIBERTARIAN
1976,NEW YORK,NY,36,21,13,US SENATE,statewide,gen,False,DANIEL PATRICK MOYNIHAN,DEMOCRAT,False,total,3238511,6666875,False,20210114,DEMOCRAT
2000,MARYLAND,MD,24,52,52,US SENATE,statewide,gen,False,PAUL S. SARBANES,DEMOCRAT,False,total,1230013,1946898,False,20210114,DEMOCRAT
2006,CALIFORNIA,CA,6,93,71,US SENATE,statewide,gen,False,MARSHA FEINLAND,PEACE AND FREEDOM,False,total,117764,8541476,False,20210114,OTHER
2010,CONNECTICUT,CT,9,16,1,US SENATE,statewide,gen,False,LINDA E. MCMAHON,REPUBLICAN,False,total,498341,1153115,False,20210114,REPUBLICAN
2018,MISSISSIPPI,MS,28,64,46,US SENATE,statewide,gen,False,DAVID BARIA,DEMOCRAT,False,total,369567,936215,False,20210114,DEMOCRAT
2004,SOUTH DAKOTA,SD,46,45,37,US SENATE,statewide,gen,False,JOHN THUNE,REPUBLICAN,False,total,197848,391188,False,20210114,REPUBLICAN
2006,DELAWARE,DE,10,51,11,US SENATE,statewide,gen,False,THOMAS R. CARPER,DEMOCRAT,False,total,170567,242972,False,20210114,DEMOCRAT
1984,KANSAS,KS,20,47,32,US SENATE,statewide,gen,False,MARIAN RUCK JACKSON,AMERICAN,False,total,6918,996729,False,20210114,OTHER
1988,VERMONT,VT,50,13,6,US SENATE,statewide,gen,False,BILL GRAY,DEMOCRAT,False,total,71460,240108,False,20210114,DEMOCRAT
2016,COLORADO,CO,8,84,62,US SENATE,statewide,gen,False,ARN MENCONI,GREEN,False,total,36805,2743023,False,20210114,OTHER
2006,MISSOURI,MO,29,43,34,US SENATE,statewide,gen,False,,,True,total,88,2128459,False,20210114,OTHER
2014,WEST VIRGINIA,WV,54,55,56,US SENATE,statewide,gen,False,JOHN S. BUCKLEY,LIBERTARIAN,False,total,7409,453689,False,20210114,LIBERTARIAN
1988,RHODE ISLAND,RI,44,15,5,US SENATE,statewide,gen,False,JOHN H. CHAFFEE,REPUBLICAN,False,total,217273,397990,False,20210114,REPUBLICAN
2014,MICHIGAN,MI,26,34,23,US SENATE,statewide,gen,False,GARY C. PETERS,DEMOCRAT,False,total,1704936,3121771,False,20210114,DEMOCRAT
2016,HAWAII,HI,15,95,82,US SENATE,statewide,gen,False,OVER VOTE,,False,total,339,437664,False,20210114,OTHER
1990,IOWA,IA,19,42,31,US SENATE,statewide,gen,False,THOMAS J. TAUKE,REPUBLICAN,False,total,446869,983933,False,20210114,REPUBLICAN
2014,NEW JERSEY,NJ,34,22,12,US SENATE,statewide,gen,False,HANK SCHROEDER,ECONOMIC GROWTH,False,total,5704,1869535,False,20210114,OTHER
2012,MASSACHUSETTS,MA,25,14,3,US SENATE,statewide,gen,False,SCOTT P. BROWN,REPUBLICAN,False,total,1458048,3184196,False,20210114,REPUBLICAN
1984,MINNESOTA,MN,27,41,33,US SENATE,statewide,gen,False,JEFFREY M. MILLER,NEW UNION,False,total,3129,2066143,False,20210114,OTHER
1998,CONNECTICUT,CT,9,16,1,US SENATE,statewide,gen,False,GARY FRANKS,REPUBLICAN,False,total,312177,964457,False,20210114,REPUBLICAN
1984,KANSAS,KS,20,47,32,US SENATE,statewide,gen,False,NANCY LANDON KASSEBAUM,REPUBLICAN,False,total,757402,996729,False,20210114,REPUBLICAN
2012,WEST VIRGINIA,WV,54,55,56,US SENATE,statewide,gen,False,BOB HENRY BABER,MOUNTAIN PARTY,False,total,19517,660202,False,20210114,OTHER
1980,ALABAMA,AL,1,63,41,US SENATE,statewide,gen,False,MOHAMMED OLIVER,SOCIALIST WORKERS,False,total,1511,1296757,False,20210114,OTHER
1998,LOUISIANA,LA,22,72,45,US SENATE,statewide,gen,False,DARRYL PAUL WARD,REPUBLICAN,False,total,7964,969165,False,20210114,REPUBLICAN
1984,NEW JERSEY,NJ,34,22,12,US SENATE,statewide,gen,False,PRISCILLA SCHENK,SOCIALIST WORKERS,False,total,3224,3096456,False,20210114,OTHER
1976,VERMONT,VT,50,13,6,US SENATE,statewide,gen,False,ROBERT T. STAFFORD,REPUBLICAN,False,total,94481,189060,False,20210114,REPUBLICAN
2012,TENNESSEE,TN,47,62,54,US SENATE,statewide,gen,False,TROY STEPHEN SCOGGIN,INDEPENDENT,False,total,7148,2321477,False,20210114,OTHER
2014,MASSACHUSETTS,MA,25,14,3,US SENATE,statewide,gen,False,EDWARD J. MARKEY,DEMOCRAT,False,total,1289944,2186789,False,20210114,DEMOCRAT
1998,NEVADA,NV,32,88,65,US SENATE,statewide,gen,False,MICHAEL CLOUD,LIBERTARIAN,False,total,8129,435864,False,20210114,LIBERTARIAN
2020,GEORGIA,GA,13,58,44,US SENATE,statewide,gen,True,DOUG COLLINS,REPUBLICAN,False,total,980454,4914361,False,20210114,REPUBLICAN
1980,COLORADO,CO,8,84,62,US SENATE,statewide,gen,False,HENRY JOHN OLSHAW,UNAFFILIATED-AMERICAN,False,total,4081,1173142,False,20210114,OTHER
