year;state;state_po;state_fips;state_cen;state_ic;office;district;stage;special;candidate;party_detailed;writein;mode;candidatevotes;totalvotes;unofficial;version;party_simplified
2004;WISCONSIN;WI;55;35;25;US SENATE;statewide;gen;FALSE;BLANK VOTE/SCATTERING;;FALSE;total;834;2949743;FALSE;20210114;OTHER
2010;LOUISIANA;LA;22;72;45;US SENATE;statewide;gen;FALSE;MILTON GORDON;NO PARTY;FALSE;total;4810;1264994;FALSE;20210114;OTHER
1976;NEW MEXICO;NM;35;85;66;US SENATE;statewide;gen;FALSE;"HARRISON ""JACK"" SCHMITT";REPUBLICAN;FALSE;total;234681;413056;FALSE;20210114;REPUBLICAN
2020;LOUISIANA;LA;22;72;45;US SENATE;statewide;gen;FALSE;ADRIAN PERKINS;DEMOCRAT;FALSE;total;394049;2071543;FALSE;20210114;DEMOCRAT
2012;CONNECTICUT;CT;9;16;1;US SENATE;statewide;gen;FALSE;LINDA E. MCMAHON;INDEPENDENT;FALSE;total;46520;1511764;FALSE;20210114;OTHER
2006;NEW JERSEY;NJ;34;22;12;US SENATE;statewide;gen;FALSE;ROBERT MENENDEZ;DEMOCRAT;FALSE;total;58333;101973;FALSE;20210114;DEMOCRAT
2008;MAINE;ME;23;11;2;US SENATE;statewide;gen;FALSE;SUSAN M. COLLINS;REPUBLICAN;FALSE;total;444300;724430;FALSE;20210114;REPUBLICAN
2014;KENTUCKY;KY;21;61;51;US SENATE;statewide;gen;FALSE;;;TRUE;total;17;1435868;FALSE;20210114;OTHER
1992;WISCONSIN;WI;55;35;25;US SENATE;statewide;gen;FALSE;MERVIN A. HANSON, SR.;INDEPENDENT;FALSE;total;3264;2455124;FALSE;20210114;OTHER
1984;MONTANA;MT;30;81;64;US SENATE;statewide;gen;FALSE;CHUCK COZZENS;REPUBLICAN;FALSE;total;154308;379155;FALSE;20210114;REPUBLICAN
1982;VERMONT;VT;50;13;6;US SENATE;statewide;gen;FALSE;MICHAEL EDWARD HACKETT;INDEPENDENT;FALSE;total;1463;168002;FALSE;20210114;OTHER
1976;DELAWARE;DE;10;51;11;US SENATE;statewide;gen;FALSE;JOHN A. MASSIMILLA;PROHIBITION;FALSE;total;216;224795;FALSE;20210114;OTHER
2018;FLORIDA;FL;12;59;43;US SENATE;statewide;gen;FALSE;RICK SCOTT;REPUBLICAN;FALSE;total;4099505;8190005;FALSE;20210114;REPUBLICAN
1996;MICHIGAN;MI;26;34;23;US SENATE;statewide;gen;FALSE;;;TRUE;total;304;3762575;FALSE;20210114;OTHER
2012;CONNECTICUT;CT;9;16;1;US SENATE;statewide;gen;FALSE;CHRISTOPHER S. MURPHY;WORKING FAMILIES;FALSE;total;35778;1511764;FALSE;20210114;OTHER
2002;TENNESSEE;TN;47;62;54;US SENATE;statewide;gen;FALSE;BOB CLEMENT;DEMOCRAT;FALSE;total;728232;1642432;FALSE;20210114;DEMOCRAT
1976;MINNESOTA;MN;27;41;33;US SENATE;statewide;gen;FALSE;ROBIN E. MILLER;LIBERTARIAN;FALSE;total;5476;1912020;FALSE;20210114;LIBERTARIAN
2000;TENNESSEE;TN;47;62;54;US SENATE;statewide;gen;FALSE;ROBERT WATSON;INDEPENDENT;FALSE;total;8416;1928613;FALSE;20210114;OTHER
2000;NEBRASKA;NE;31;46;35;US SENATE;statewide;gen;FALSE;;;TRUE;total;1280;692350;FALSE;20210114;OTHER
1992;FLORIDA;FL;12;59;43;US SENATE;statewide;gen;FALSE;;;TRUE;total;220;4962290;FALSE;20210114;OTHER
2016;SOUTH CAROLINA;SC;45;57;48;US SENATE;statewide;gen;FALSE;THOMAS DIXON;WORKING FAMILIES;FALSE;total;37610;2049893;FALSE;20210114;OTHER
2008;LOUISIANA;LA;22;72;45;US SENATE;statewide;gen;FALSE;RICHARD FONTANESI;LIBERTARIAN;FALSE;total;18590;1896574;FALSE;20210114;LIBERTARIAN
2006;TEXAS;TX;48;74;49;US SENATE;statewide;gen;FALSE;KAY BAILEY HUTCHISON;REPUBLICAN;FALSE;total;2661789;4314663;FALSE;20210114;REPUBLICAN
2016;MISSOURI;MO;29;43;34;US SENATE;statewide;gen;FALSE;;;TRUE;total;4;2802637;FALSE;20210114;OTHER
2012;MICHIGAN;MI;26;34;23;US SENATE;statewide;gen;FALSE;;;TRUE;total;10;4652918;FALSE;20210114;OTHER
2000;CALIFORNIA;CA;6;93;71;US SENATE;statewide;gen;FALSE;TOM CAMPBELL;REPUBLICAN;FALSE;total;3886853;10623608;FALSE;20210114;REPUBLICAN
1994;HAWAII;HI;15;95;82;US SENATE;statewide;gen;FALSE;DANIEL K. AKAKA;DEMOCRAT;FALSE;total;256189;356902;FALSE;20210114;DEMOCRAT
2010;SOUTH CAROLINA;SC;45;57;48;US SENATE;statewide;gen;FALSE;;;TRUE;total;21953;1318794;FALSE;20210114;OTHER
2000;GEORGIA;GA;13;58;44;US SENATE;statewide;gen;TRUE;MACK F. MATTINGLY;REPUBLICAN (NOT IDENTIFIED ON BALLOT);FALSE;total;920478;2415743;FALSE;20210114;OTHER
2010;MISSOURI;MO;29;43;34;US SENATE;statewide;gen;FALSE;;;TRUE;total;7;1943899;FALSE;20210114;OTHER
1998;NORTH CAROLINA;NC;37;56;47;US SENATE;statewide;gen;FALSE;BARBARA HOWE;LIBERTARIAN;FALSE;total;36963;2012143;FALSE;20210114;LIBERTARIAN
1980;CONNECTICUT;CT;9;16;1;US SENATE;statewide;gen;FALSE;GERARD G. BRENNAN;LIBERTARIAN;FALSE;total;5336;1356075;FALSE;20210114;LIBERTARIAN
1992;SOUTH CAROLINA;SC;45;57;48;US SENATE;statewide;gen;FALSE;ERNEST F. HOLLINGS;DEMOCRAT;FALSE;total;591030;1180438;FALSE;20210114;DEMOCRAT
1978;OKLAHOMA;OK;40;73;53;US SENATE;statewide;gen;FALSE;PAUL EDWARD TRENT;INDEPENDENT;FALSE;total;3015;754264;FALSE;20210114;OTHER
2010;CALIFORNIA;CA;6;93;71;US SENATE;statewide;gen;FALSE;MARSHA FEINLAND;PEACE AND FREEDOM;FALSE;total;135093;10000160;FALSE;20210114;OTHER
1976;NEVADA;NV;32;88;65;US SENATE;statewide;gen;FALSE;DAN BECAN;LIBERTARIAN;FALSE;total;2307;201899;FALSE;20210114;LIBERTARIAN
1992;IDAHO;ID;16;82;63;US SENATE;statewide;gen;FALSE;RICHARD H. STALLINGS;DEMOCRAT;FALSE;total;208036;478504;FALSE;20210114;DEMOCRAT
1996;TEXAS;TX;48;74;49;US SENATE;statewide;gen;FALSE;JOHN HUFF;NATURAL LAW;FALSE;total;19469;5527441;FALSE;20210114;OTHER
1978;MINNESOTA;MN;27;41;33;US SENATE;statewide;gen;TRUE;DAVID DURENBERGER;REPUBLICAN;FALSE;total;957908;1558376;FALSE;20210114;REPUBLICAN
2010;FLORIDA;FL;12;59;43;US SENATE;statewide;gen;FALSE;KENDRICK B. MEEK;DEMOCRAT;FALSE;total;1092936;5411106;FALSE;20210114;DEMOCRAT
1986;CONNECTICUT;CT;9;16;1;US SENATE;statewide;gen;FALSE;EDWARD J. MCCALLUM, JR.;NONE;FALSE;total;3800;976933;FALSE;20210114;OTHER
1988;NEW YORK;NY;36;21;13;US SENATE;statewide;gen;FALSE;CHARLENE MITCHELL;INDEPENDENT PROGRESSIVE LINE;FALSE;total;14770;6040980;FALSE;20210114;OTHER
1990;NEW MEXICO;NM;35;85;66;US SENATE;statewide;gen;FALSE;TOM R. BENAVIDES;DEMOCRAT;FALSE;total;110033;406938;FALSE;20210114;DEMOCRAT
1980;COLORADO;CO;8;84;62;US SENATE;statewide;gen;FALSE;MARY ESTILL BUCHANAN;REPUBLICAN;FALSE;total;571295;1173142;FALSE;20210114;REPUBLICAN
2002;LOUISIANA;LA;22;72;45;US SENATE;statewide;gen;FALSE;"PATRICK E. ""LIVE WIRE"" LANDRY";OTHER;FALSE;total;10442;2481629;FALSE;20210114;OTHER
1994;VIRGINIA;VA;51;54;40;US SENATE;statewide;gen;FALSE;"OLIVER L. ""OLLIE"" NORTH";REPUBLICAN;FALSE;total;882213;2057463;FALSE;20210114;REPUBLICAN
2000;MASSACHUSETTS;MA;25;14;3;US SENATE;statewide;gen;FALSE;OTHER;;FALSE;total;2473;2734048;FALSE;20210114;OTHER
2002;KANSAS;KS;20;47;32;US SENATE;statewide;gen;FALSE;PAT ROBERTS;REPUBLICAN;FALSE;total;641075;776850;FALSE;20210114;REPUBLICAN
1986;OREGON;OR;41;92;72;US SENATE;statewide;gen;FALSE;RICK BAUMAN;DEMOCRAT;FALSE;total;375735;1042555;FALSE;20210114;DEMOCRAT
1982;CONNECTICUT;CT;9;16;1;US SENATE;statewide;gen;FALSE;LOWELL P. WEICKER, JR.;REPUBLICAN;FALSE;total;545987;1083508;FALSE;20210114;REPUBLICAN
2020;KENTUCKY;KY;21;61;51;US SENATE;statewide;gen;FALSE;MITCH MCCONNELL;REPUBLICAN;FALSE;total;1233315;2135057;FALSE;20210114;REPUBLICAN
1998;IOWA;IA;19;42;31;US SENATE;statewide;gen;FALSE;DAVID OSTERBERG;DEMOCRAT;FALSE;total;289049;947907;FALSE;20210114;DEMOCRAT
2020;KANSAS;KS;20;47;32;US SENATE;statewide;gen;FALSE;ROGER MARSHALL;REPUBLICAN;FALSE;total;727962;1367755;FALSE;20210114;REPUBLICAN
1986;WISCONSIN;WI;55;35;25;US SENATE;statewide;gen;FALSE;ROBERT W. KASTEN JR.;REPUBLICAN;FALSE;total;754573;1483174;FALSE;20210114;REPUBLICAN
1996;OREGON;OR;41;92;72;US SENATE;statewide;gen;FALSE;BRENT THOMPSON;REFORM;FALSE;total;20381;1360230;FALSE;20210114;OTHER
2020;WYOMING;WY;56;83;68;US SENATE;statewide;gen;FALSE;MERAV BEN DAVID;;FALSE;total;72766;278503;FALSE;20210114;OTHER
2012;MAINE;ME;23;11;2;US SENATE;statewide;gen;FALSE;ANDREW IAN DODGE;INDEPENDENT FOR LIBERTY;FALSE;total;5624;724720;FALSE;20210114;OTHER
2002;VIRGINIA;VA;51;54;40;US SENATE;statewide;gen;FALSE;JACOB G. HORNBERGER JR.;INDEPENDENT;FALSE;total;106055;1489422;FALSE;20210114;OTHER
1978;MINNESOTA;MN;27;41;33;US SENATE;statewide;gen;FALSE;RUDOLPH E. BOSCHWITZ;REPUBLICAN;FALSE;total;894092;1580622;FALSE;20210114;REPUBLICAN
1992;PENNSYLVANIA;PA;42;23;14;US SENATE;statewide;gen;FALSE;ARLEN SPECTER;REPUBLICAN;FALSE;total;2358125;4802410;FALSE;20210114;REPUBLICAN
2020;NEW JERSEY;NJ;34;22;12;US SENATE;statewide;gen;FALSE;CORY BOOKER;DEMOCRAT;FALSE;total;2541178;4440440;FALSE;20210114;DEMOCRAT
2000;NEW YORK;NY;36;21;13;US SENATE;statewide;gen;FALSE;JOHN O. ADEFOPE;RIGHT TO LIFE;FALSE;total;21439;6959662;FALSE;20210114;OTHER
2004;NEW YORK;NY;36;21;13;US SENATE;statewide;gen;FALSE;DAVID E. MCREYNOLDS;GREEN;FALSE;total;36942;7447818;FALSE;20210114;OTHER
2012;NORTH DAKOTA;ND;38;44;36;US SENATE;statewide;gen;FALSE;RICK BERG;REPUBLICAN;FALSE;total;158401;321144;FALSE;20210114;REPUBLICAN
1988;ARIZONA;AZ;4;86;61;US SENATE;statewide;gen;FALSE;;;TRUE;total;32;1164539;FALSE;20210114;OTHER
1978;MINNESOTA;MN;27;41;33;US SENATE;statewide;gen;TRUE;;;TRUE;total;878;1558376;FALSE;20210114;OTHER
2006;NEW JERSEY;NJ;34;22;12;US SENATE;statewide;gen;FALSE;GREGORY PASON;SOCIALIST PARTY USA;FALSE;total;47;101973;FALSE;20210114;OTHER
1994;TENNESSEE;TN;47;62;54;US SENATE;statewide;gen;FALSE;BILL FRIST;REPUBLICAN;FALSE;total;834226;1480391;FALSE;20210114;REPUBLICAN
2000;TEXAS;TX;48;74;49;US SENATE;statewide;gen;FALSE;MARY J. RUWART;LIBERTARIAN;FALSE;total;72657;6267964;FALSE;20210114;LIBERTARIAN
2018;NORTH DAKOTA;ND;38;44;36;US SENATE;statewide;gen;FALSE;HEIDI HEITKAMP;DEMOCRATIC-NPL;FALSE;total;144376;326138;FALSE;20210114;DEMOCRAT
2016;ARIZONA;AZ;4;86;61;US SENATE;statewide;gen;FALSE;LEONARD CLARK;INDEPENDENT;TRUE;total;83;2530730;FALSE;20210114;OTHER
2014;OREGON;OR;41;92;72;US SENATE;statewide;gen;FALSE;JAMES E. LEUENBERGER;CONSTITUTION;FALSE;total;24212;1461618;FALSE;20210114;OTHER
2008;MINNESOTA;MN;27;41;33;US SENATE;statewide;gen;FALSE;;;TRUE;total;13;2887646;FALSE;20210114;OTHER
2020;ARIZONA;AZ;4;86;61;US SENATE;statewide;gen;TRUE;"PATRICK ""PAT"" THOMAS";REPUBLICAN;TRUE;total;29;3355307;FALSE;20210114;REPUBLICAN
1980;GEORGIA;GA;13;58;44;US SENATE;statewide;gen;FALSE;HERMAN E. TALMADGE;DEMOCRAT;FALSE;total;776143;1579829;FALSE;20210114;DEMOCRAT
2010;FLORIDA;FL;12;59;43;US SENATE;statewide;gen;FALSE;SUE ASKELAND;NO PARTY AFFILIATION;FALSE;total;15340;5411106;FALSE;20210114;OTHER
2016;LOUISIANA;LA;22;72;45;US SENATE;statewide;gen;FALSE;KAITLIN MARONE;NONE;FALSE;total;4108;1997218;FALSE;20210114;OTHER
2012;NEW JERSEY;NJ;34;22;12;US SENATE;statewide;gen;FALSE;ROBERT ??TURK?? TURKAVAGE;RESPONSIBILITY FAIRNESS INTEGRITY;FALSE;total;3532;3376649;FALSE;20210114;OTHER
2014;TENNESSEE;TN;47;62;54;US SENATE;statewide;gen;FALSE;DANNY PAGE;INDEPENDENT;FALSE;total;7713;1374065;FALSE;20210114;OTHER
1986;KANSAS;KS;20;47;32;US SENATE;statewide;gen;FALSE;GUY MACDONALD;DEMOCRAT;FALSE;total;246664;823566;FALSE;20210114;DEMOCRAT
2004;NEVADA;NV;32;88;65;US SENATE;statewide;gen;FALSE;DAVID K. SCHUMANN;INDEPENDENT AMERICAN;FALSE;total;6001;810068;FALSE;20210114;OTHER
1976;NORTH DAKOTA;ND;38;44;36;US SENATE;statewide;gen;FALSE;ROBERT STROUP;REPUBLICAN;FALSE;total;103466;283062;FALSE;20210114;REPUBLICAN
2008;NORTH CAROLINA;NC;37;56;47;US SENATE;statewide;gen;FALSE;CHRISTOPHER COLE;LIBERTARIAN;FALSE;total;133430;4271970;FALSE;20210114;LIBERTARIAN
1992;NEW YORK;NY;36;21;13;US SENATE;statewide;gen;FALSE;NORMA SEGAL;LIBERTARIAN;FALSE;total;108530;7078805;FALSE;20210114;LIBERTARIAN
1982;TENNESSEE;TN;47;62;54;US SENATE;statewide;gen;FALSE;;;TRUE;total;30;1259785;FALSE;20210114;OTHER
1984;KANSAS;KS;20;47;32;US SENATE;statewide;gen;FALSE;FREDA H. STEELE;PROHIBITION;FALSE;total;4610;996729;FALSE;20210114;OTHER
1976;MAINE;ME;23;11;2;US SENATE;statewide;gen;FALSE;EDMUND S. MUSKIE;DEMOCRAT;FALSE;total;292704;486193;FALSE;20210114;DEMOCRAT
1976;NEW YORK;NY;36;21;13;US SENATE;statewide;gen;FALSE;DANIEL PATRICK MOYNIHAN;LIBERAL;FALSE;total;184083;6666875;FALSE;20210114;OTHER
1990;NORTH CAROLINA;NC;37;56;47;US SENATE;statewide;gen;FALSE;HARVEY B. GANTT;DEMOCRAT;FALSE;total;981573;2069585;FALSE;20210114;DEMOCRAT
1980;SOUTH DAKOTA;SD;46;45;37;US SENATE;statewide;gen;FALSE;GEORGE MCGOVERN;DEMOCRAT;FALSE;total;129018;327478;FALSE;20210114;DEMOCRAT
1980;CALIFORNIA;CA;6;93;71;US SENATE;statewide;gen;FALSE;DAVID BERGLAND;LIBERTARIAN;FALSE;total;202410;8324012;FALSE;20210114;LIBERTARIAN
1986;ALASKA;AK;2;94;81;US SENATE;statewide;gen;FALSE;GLENN OLDS;DEMOCRAT;FALSE;total;79727;180801;FALSE;20210114;DEMOCRAT
2016;MISSOURI;MO;29;43;34;US SENATE;statewide;gen;FALSE;FRED RYMAN;CONSTITUTION;FALSE;total;25407;2802637;FALSE;20210114;OTHER
1992;LOUISIANA;LA;22;72;45;US SENATE;statewide;gen;FALSE;JOHN B. BREAUX;DEMOCRAT;FALSE;total;1;1;FALSE;20210114;DEMOCRAT
1984;MICHIGAN;MI;26;34;23;US SENATE;statewide;gen;FALSE;CARL LEVIN;DEMOCRAT;FALSE;total;1915831;3700938;FALSE;20210114;DEMOCRAT
2014;NEW MEXICO;NM;35;85;66;US SENATE;statewide;gen;FALSE;TOM UDALL;DEMOCRAT;FALSE;total;286409;515506;FALSE;20210114;DEMOCRAT
1986;OKLAHOMA;OK;40;73;53;US SENATE;statewide;gen;FALSE;JAMES R. JONES;DEMOCRAT;FALSE;total;400230;893666;FALSE;20210114;DEMOCRAT
1996;WYOMING;WY;56;83;68;US SENATE;statewide;gen;FALSE;LLOYD MARSDEN;NATURAL LAW;FALSE;total;2569;211077;FALSE;20210114;OTHER
2018;MINNESOTA;MN;27;41;33;US SENATE;statewide;gen;FALSE;PAULA M OVERBY;MINNESOTA GREEN;FALSE;total;23101;2596879;FALSE;20210114;OTHER
1994;TENNESSEE;TN;47;62;54;US SENATE;statewide;gen;TRUE;TERRY L. LYTLE;INDEPENDENT;FALSE;total;1934;1465862;FALSE;20210114;OTHER
1992;COLORADO;CO;8;84;62;US SENATE;statewide;gen;FALSE;HUE FUTCH;LIBERTARIAN;FALSE;total;23;1552289;FALSE;20210114;LIBERTARIAN
2000;MISSISSIPPI;MS;28;64;46;US SENATE;statewide;gen;FALSE;JIM GILES;INDEPENDENT;FALSE;total;9344;994144;FALSE;20210114;OTHER
1990;NEW HAMPSHIRE;NH;33;12;4;US SENATE;statewide;gen;FALSE;;;TRUE;total;585;291393;FALSE;20210114;OTHER
2004;VERMONT;VT;50;13;6;US SENATE;statewide;gen;FALSE;;;TRUE;total;174;307208;FALSE;20210114;OTHER
1986;WISCONSIN;WI;55;35;25;US SENATE;statewide;gen;FALSE;SCATTER;;FALSE;total;1212;1483174;FALSE;20210114;OTHER
1994;PENNSYLVANIA;PA;42;23;14;US SENATE;statewide;gen;FALSE;DIANE BLOUGH;PATRIOT;FALSE;total;69825;3513361;FALSE;20210114;OTHER
2000;MASSACHUSETTS;MA;25;14;3;US SENATE;statewide;gen;FALSE;CARLA A. HOWELL;LIBERTARIAN;FALSE;total;308860;2734048;FALSE;20210114;LIBERTARIAN
1986;SOUTH CAROLINA;SC;45;57;48;US SENATE;statewide;gen;FALSE;HENRY D. MCMASTER;REPUBLICAN;FALSE;total;262886;737962;FALSE;20210114;REPUBLICAN
2018;TENNESSEE;TN;47;62;54;US SENATE;statewide;gen;FALSE;TRUDY A. AUSTIN;INDEPENDENT;FALSE;total;9455;2243740;FALSE;20210114;OTHER
2020;LOUISIANA;LA;22;72;45;US SENATE;statewide;gen;FALSE;PETER WENSTRUP;DEMOCRAT;FALSE;total;14454;2071543;FALSE;20210114;DEMOCRAT
2000;MASSACHUSETTS;MA;25;14;3;US SENATE;statewide;gen;FALSE;BLANK VOTE/SCATTERING;;FALSE;total;134586;2734048;FALSE;20210114;OTHER
1976;MARYLAND;MD;24;52;52;US SENATE;statewide;gen;FALSE;PAUL S. SARBANES;DEMOCRAT;FALSE;total;772101;1365290;FALSE;20210114;DEMOCRAT
2010;ARKANSAS;AR;5;71;42;US SENATE;statewide;gen;FALSE;"STEPHAN ""TROUBLEMAKER"" HERCHER";;TRUE;total;143;779957;FALSE;20210114;OTHER
2012;DELAWARE;DE;10;51;11;US SENATE;statewide;gen;FALSE;ANDREW RICHARD GROFF;GREEN;FALSE;total;3191;399606;FALSE;20210114;OTHER
2002;MONTANA;MT;30;81;64;US SENATE;statewide;gen;FALSE;MIKE TAYLOR;REPUBLICAN;FALSE;total;103611;326537;FALSE;20210114;REPUBLICAN
2018;NEBRASKA;NE;31;46;35;US SENATE;statewide;gen;FALSE;DEB FISCHER;REPUBLICAN;FALSE;total;403151;698883;FALSE;20210114;REPUBLICAN
1984;SOUTH CAROLINA;SC;45;57;48;US SENATE;statewide;gen;FALSE;STEPHEN DAVIS;LIBERTARIAN;FALSE;total;13333;965130;FALSE;20210114;LIBERTARIAN
2012;WASHINGTON;WA;53;91;73;US SENATE;statewide;gen;FALSE;MARIA CANTWELL;DEMOCRAT;FALSE;total;1855493;3069417;FALSE;20210114;DEMOCRAT
2018;PENNSYLVANIA;PA;42;23;14;US SENATE;statewide;gen;FALSE;DALE R KERNS JR;LIBERTARIAN;FALSE;total;50907;4994643;FALSE;20210114;LIBERTARIAN
1988;TENNESSEE;TN;47;62;54;US SENATE;statewide;gen;FALSE;JIM SASSER;DEMOCRAT;FALSE;total;1020061;1567181;FALSE;20210114;DEMOCRAT
1986;IOWA;IA;19;42;31;US SENATE;statewide;gen;FALSE;JOHN O. ROEHRICK;DEMOCRAT;FALSE;total;299406;891762;FALSE;20210114;DEMOCRAT
1980;VERMONT;VT;50;13;6;US SENATE;statewide;gen;FALSE;ANTHONY N. DORIA;INDEPENDENT;FALSE;total;1776;209124;FALSE;20210114;OTHER
2020;GEORGIA;GA;13;58;44;US SENATE;statewide;gen;TRUE;KELLY LOEFFLER;REPUBLICAN;FALSE;total;1273214;4914361;FALSE;20210114;REPUBLICAN
1998;NEW HAMPSHIRE;NH;33;12;4;US SENATE;statewide;gen;FALSE;ROY KENDEL;INDEPENDENT;FALSE;total;4733;314696;FALSE;20210114;OTHER
1978;NORTH CAROLINA;NC;37;56;47;US SENATE;statewide;gen;FALSE;JESSE HELMS;REPUBLICAN;FALSE;total;619151;1135814;FALSE;20210114;REPUBLICAN
2006;NEVADA;NV;32;88;65;US SENATE;statewide;gen;FALSE;DAVID K. SCHUMANN;INDEPENDENT;FALSE;total;7774;582572;FALSE;20210114;OTHER
2006;VERMONT;VT;50;13;6;US SENATE;statewide;gen;FALSE;CRAIG HILL;GREEN;FALSE;total;1536;262419;FALSE;20210114;OTHER
1998;MARYLAND;MD;24;52;52;US SENATE;statewide;gen;FALSE;BARBARA A. MIKULSKI;DEMOCRAT;FALSE;total;1062810;1507447;FALSE;20210114;DEMOCRAT
1992;NORTH CAROLINA;NC;37;56;47;US SENATE;statewide;gen;FALSE;BOBBY YATES EMORY;LIBERTARIAN;FALSE;total;85948;2577891;FALSE;20210114;LIBERTARIAN
1980;KENTUCKY;KY;21;61;51;US SENATE;statewide;gen;FALSE;WENDELL H. FORD;DEMOCRAT;FALSE;total;720891;1106920;FALSE;20210114;DEMOCRAT
1992;ILLINOIS;IL;17;33;21;US SENATE;statewide;gen;FALSE;JOHN JUSTICE;POPULIST;FALSE;total;8656;4939558;FALSE;20210114;OTHER
2006;PENNSYLVANIA;PA;42;23;14;US SENATE;statewide;gen;FALSE;;;TRUE;total;3281;4081043;FALSE;20210114;OTHER
1978;MAINE;ME;23;11;2;US SENATE;statewide;gen;FALSE;JOHN J. JANNACE;INDEPENDENT;FALSE;total;5553;375114;FALSE;20210114;OTHER
2004;NEW HAMPSHIRE;NH;33;12;4;US SENATE;statewide;gen;FALSE;BLANK VOTE/SCATTERING;;FALSE;total;588;657086;FALSE;20210114;OTHER
1994;NEW MEXICO;NM;35;85;66;US SENATE;statewide;gen;FALSE;COLIN R. MCMILLAN;REPUBLICAN;FALSE;total;213025;463196;FALSE;20210114;REPUBLICAN
1976;UTAH;UT;49;87;67;US SENATE;statewide;gen;FALSE;STEVE TROTTER;LIBERTARIAN;FALSE;total;3026;522108;FALSE;20210114;LIBERTARIAN
1994;MASSACHUSETTS;MA;25;14;3;US SENATE;statewide;gen;FALSE;OTHER;;FALSE;total;688;2179945;FALSE;20210114;OTHER
2020;DELAWARE;DE;10;51;11;US SENATE;statewide;gen;FALSE;MARK W. TURLEY;INDEPENDENT PARTY OF DELAWARE;FALSE;total;7833;490935;FALSE;20210114;OTHER
1994;HAWAII;HI;15;95;82;US SENATE;statewide;gen;FALSE;RICHARD (DICK) ROWLAND;LIBERTARIAN;FALSE;total;14393;356902;FALSE;20210114;LIBERTARIAN
2014;KENTUCKY;KY;21;61;51;US SENATE;statewide;gen;FALSE;GREGORY D. WELCH;;TRUE;total;64;1435868;FALSE;20210114;OTHER
2000;CONNECTICUT;CT;9;16;1;US SENATE;statewide;gen;FALSE;WILLIAM KOZAK, JR.;CONCERNED CITIZENS;FALSE;total;25509;1311261;FALSE;20210114;OTHER
1996;NEW MEXICO;NM;35;85;66;US SENATE;statewide;gen;FALSE;PETE V. DOMENICI;REPUBLICAN;FALSE;total;357171;551821;FALSE;20210114;REPUBLICAN
1976;ARIZONA;AZ;4;86;61;US SENATE;statewide;gen;FALSE;BOB FIELD;INDEPENDENT;FALSE;total;10765;741210;FALSE;20210114;OTHER
2016;NEVADA;NV;32;88;65;US SENATE;statewide;gen;FALSE;TONY GUMINA;NONE;FALSE;total;10740;1108294;FALSE;20210114;OTHER
2014;MASSACHUSETTS;MA;25;14;3;US SENATE;statewide;gen;FALSE;BRIAN J. HERR;REPUBLICAN;FALSE;total;791950;2186789;FALSE;20210114;REPUBLICAN
2004;LOUISIANA;LA;22;72;45;US SENATE;statewide;gen;FALSE;SAM HOUSTON MELTON, JR.;DEMOCRAT;FALSE;total;12289;1848056;FALSE;20210114;DEMOCRAT
2006;FLORIDA;FL;12;59;43;US SENATE;statewide;gen;FALSE;;;TRUE;total;78;4793534;FALSE;20210114;OTHER
1992;NEVADA;NV;32;88;65;US SENATE;statewide;gen;FALSE;H. KENT CROMWELL;LIBERTARIAN;FALSE;total;7222;495887;FALSE;20210114;LIBERTARIAN
2018;TENNESSEE;TN;47;62;54;US SENATE;statewide;gen;FALSE;KEVIN LEE MCCANTS;INDEPENDENT;FALSE;total;1927;2243740;FALSE;20210114;OTHER
2020;COLORADO;CO;8;84;62;US SENATE;statewide;gen;FALSE;"STEPHAN ""SEKU"" EVANS";UNITY PARTY;FALSE;total;8971;3235790;FALSE;20210114;OTHER
1998;OREGON;OR;41;92;72;US SENATE;statewide;gen;FALSE;KARYN MOSKOWITZ;PACIFIC;FALSE;total;22024;1117747;FALSE;20210114;OTHER
1988;MISSISSIPPI;MS;28;64;46;US SENATE;statewide;gen;FALSE;TRENT LOTT;REPUBLICAN;FALSE;total;510380;946719;FALSE;20210114;REPUBLICAN
1980;ARIZONA;AZ;4;86;61;US SENATE;statewide;gen;FALSE;JOSEFINA OTERO;SOCIALIST WORKERS;FALSE;total;3266;874238;FALSE;20210114;OTHER
1996;KENTUCKY;KY;21;61;51;US SENATE;statewide;gen;FALSE;STEVEN L. BESHEAR;DEMOCRAT;FALSE;total;560012;1307046;FALSE;20210114;DEMOCRAT
1986;NEVADA;NV;32;88;65;US SENATE;statewide;gen;FALSE;KENT CROMWELL;LIBERTARIAN;FALSE;total;4899;261932;FALSE;20210114;LIBERTARIAN
1990;WYOMING;WY;56;83;68;US SENATE;statewide;gen;FALSE;KATHY HELLING;DEMOCRAT;FALSE;total;56848;157632;FALSE;20210114;DEMOCRAT
1996;ALASKA;AK;2;94;81;US SENATE;statewide;gen;FALSE;TED STEVENS;REPUBLICAN;FALSE;total;177893;231916;FALSE;20210114;REPUBLICAN
1976;NEVADA;NV;32;88;65;US SENATE;statewide;gen;FALSE;BYRON D. YOUNG;INDEPENDENT AMERICAN;FALSE;total;3619;201899;FALSE;20210114;OTHER
2008;ARKANSAS;AR;5;71;42;US SENATE;statewide;gen;FALSE;MARK L. PRYOR;DEMOCRAT;FALSE;total;804678;1011754;FALSE;20210114;DEMOCRAT
2018;NEW JERSEY;NJ;34;22;12;US SENATE;statewide;gen;FALSE;MADELYN R. HOFFMAN;GREEN;FALSE;total;25150;3169310;FALSE;20210114;OTHER
1994;PENNSYLVANIA;PA;42;23;14;US SENATE;statewide;gen;FALSE;HARRIS WOFFORD;DEMOCRAT;FALSE;total;1648481;3513361;FALSE;20210114;DEMOCRAT
2020;SOUTH CAROLINA;SC;45;57;48;US SENATE;statewide;gen;FALSE;JAIME HARRISON;DEMOCRAT;FALSE;total;1110828;2515104;FALSE;20210114;DEMOCRAT
2016;SOUTH DAKOTA;SD;46;45;37;US SENATE;statewide;gen;FALSE;JOHN R. THUNE;REPUBLICAN;FALSE;total;265516;369656;FALSE;20210114;REPUBLICAN
2000;MARYLAND;MD;24;52;52;US SENATE;statewide;gen;FALSE;PAUL H. RAPPAPORT;REPUBLICAN;FALSE;total;715178;1946898;FALSE;20210114;REPUBLICAN
2000;TENNESSEE;TN;47;62;54;US SENATE;statewide;gen;FALSE;;;TRUE;total;259;1928613;FALSE;20210114;OTHER
1988;MASSACHUSETTS;MA;25;14;3;US SENATE;statewide;gen;FALSE;FREDA LEE NASON;LIBERTARIAN;FALSE;total;13199;2606225;FALSE;20210114;LIBERTARIAN
1976;RHODE ISLAND;RI;44;15;5;US SENATE;statewide;gen;FALSE;MARGARET R. CANN;COMMUNIST;FALSE;total;912;398906;FALSE;20210114;OTHER
1986;SOUTH CAROLINA;SC;45;57;48;US SENATE;statewide;gen;FALSE;RAY HILLYARD;AMERICAN;FALSE;total;4588;737962;FALSE;20210114;OTHER
1986;COLORADO;CO;8;84;62;US SENATE;statewide;gen;FALSE;MICHAEL MARTIN BUSH;INDEPENDENT;FALSE;total;11127;1060765;FALSE;20210114;OTHER
2020;DELAWARE;DE;10;51;11;US SENATE;statewide;gen;FALSE;LAUREN WITZKE;REPUBLICAN;FALSE;total;186054;490935;FALSE;20210114;REPUBLICAN
2000;MISSOURI;MO;29;43;34;US SENATE;statewide;gen;FALSE;;;TRUE;total;13;2361586;FALSE;20210114;OTHER
1984;NEBRASKA;NE;31;46;35;US SENATE;statewide;gen;FALSE;OTHER;;FALSE;total;304;639668;FALSE;20210114;OTHER
1978;TEXAS;TX;48;74;49;US SENATE;statewide;gen;FALSE;ROBERT KRUEGER;DEMOCRAT;FALSE;total;1139149;2312540;FALSE;20210114;DEMOCRAT
2002;MINNESOTA;MN;27;41;33;US SENATE;statewide;gen;FALSE;MIRO DRAGO;CONSTITUTION;FALSE;total;2254;2254636;FALSE;20210114;OTHER
1998;NEW YORK;NY;36;21;13;US SENATE;statewide;gen;FALSE;CHARLES E. SCHUMER;INDEPENDENCE;FALSE;total;109027;4989877;FALSE;20210114;OTHER
2006;NEW JERSEY;NJ;34;22;12;US SENATE;statewide;gen;FALSE;LEN FLYNN;LIBERTARIAN;FALSE;total;345;101973;FALSE;20210114;LIBERTARIAN
1994;VIRGINIA;VA;51;54;40;US SENATE;statewide;gen;FALSE;L. DOUGLAS WILDER;INDEPENDENT;FALSE;total;113;2057463;FALSE;20210114;OTHER
1980;LOUISIANA;LA;22;72;45;US SENATE;statewide;gen;FALSE;RUSSELL B. LONG;DEMOCRAT;FALSE;total;484770;841013;FALSE;20210114;DEMOCRAT
2004;VERMONT;VT;50;13;6;US SENATE;statewide;gen;FALSE;PATRICK J. LEAHY;DEMOCRAT;FALSE;total;216972;307208;FALSE;20210114;DEMOCRAT
1996;NORTH CAROLINA;NC;37;56;47;US SENATE;statewide;gen;FALSE;;;TRUE;total;143;2556456;FALSE;20210114;OTHER
1980;IOWA;IA;19;42;31;US SENATE;statewide;gen;FALSE;GARRY DE YOUNG;BY PETITION;FALSE;total;5858;1276986;FALSE;20210114;OTHER
1976;CALIFORNIA;CA;6;93;71;US SENATE;statewide;gen;FALSE;JOHN V. TUNNEY;DEMOCRAT;FALSE;total;3502862;7470586;FALSE;20210114;DEMOCRAT
2010;NEVADA;NV;32;88;65;US SENATE;statewide;gen;FALSE;MICHAEL L. HAINES;INDEPENDENT;FALSE;total;4261;721404;FALSE;20210114;OTHER
2010;WASHINGTON;WA;53;91;73;US SENATE;statewide;gen;FALSE;DINO ROSSI;REPUBLICAN;FALSE;total;1196164;2511094;FALSE;20210114;REPUBLICAN
1976;PENNSYLVANIA;PA;42;23;14;US SENATE;statewide;gen;FALSE;WILLIAM J. GREEN;DEMOCRAT;FALSE;total;2126977;4546353;FALSE;20210114;DEMOCRAT
1992;NORTH CAROLINA;NC;37;56;47;US SENATE;statewide;gen;FALSE;BRUCE KIMBALL;SOCIALIST WORKERS;FALSE;total;23;2577891;FALSE;20210114;OTHER
1984;MAINE;ME;23;11;2;US SENATE;statewide;gen;FALSE;P. ANN STODDARD;CONSTITUTIONALIST;FALSE;total;4338;551406;FALSE;20210114;OTHER
1986;CALIFORNIA;CA;6;93;71;US SENATE;statewide;gen;FALSE;ED ZSCHAU;REPUBLICAN;FALSE;total;3541804;7398462;FALSE;20210114;REPUBLICAN
1992;ARIZONA;AZ;4;86;61;US SENATE;statewide;gen;FALSE;;;TRUE;total;26;1382051;FALSE;20210114;OTHER
2000;MINNESOTA;MN;27;41;33;US SENATE;statewide;gen;FALSE;DAVID DANIELS;GRASSROOTS;FALSE;total;21447;2419520;FALSE;20210114;OTHER
1996;MINNESOTA;MN;27;41;33;US SENATE;statewide;gen;FALSE;PAUL WELLSTONE;DEMOCRATIC-FARMER-LABOR;FALSE;total;1098430;2182905;FALSE;20210114;DEMOCRAT
2006;NEVADA;NV;32;88;65;US SENATE;statewide;gen;FALSE;JACK CARTER;DEMOCRAT;FALSE;total;238796;582572;FALSE;20210114;DEMOCRAT
1996;DELAWARE;DE;10;51;11;US SENATE;statewide;gen;FALSE;JOSEPH R. BIDEN JR.;DEMOCRAT;FALSE;total;165465;275591;FALSE;20210114;DEMOCRAT
2020;OKLAHOMA;OK;40;73;53;US SENATE;statewide;gen;FALSE;ROBERT MURPHY;LIBERTARIAN;FALSE;total;34435;1556361;FALSE;20210114;LIBERTARIAN
1996;MAINE;ME;23;11;2;US SENATE;statewide;gen;FALSE;OTHER;;FALSE;total;70;606777;FALSE;20210114;OTHER
2016;ARIZONA;AZ;4;86;61;US SENATE;statewide;gen;FALSE;;;TRUE;total;4;2530730;FALSE;20210114;OTHER
2016;NORTH DAKOTA;ND;38;44;36;US SENATE;statewide;gen;FALSE;ELIOT GLASSHEIM;DEMOCRAT;FALSE;total;58116;342501;FALSE;20210114;DEMOCRAT
1992;GEORGIA;GA;13;58;44;US SENATE;statewide;pre;FALSE;JIM HUDSON;LIBERTARIAN;FALSE;total;69878;2251587;FALSE;20210114;LIBERTARIAN
1990;NEBRASKA;NE;31;46;35;US SENATE;statewide;gen;FALSE;J. JAMES EXON;DEMOCRAT;FALSE;total;349779;593828;FALSE;20210114;DEMOCRAT
2018;ARIZONA;AZ;4;86;61;US SENATE;statewide;gen;FALSE;;;TRUE;total;566;2384308;FALSE;20210114;OTHER
2016;UTAH;UT;49;87;67;US SENATE;statewide;gen;FALSE;STONEY FONUA;INDEPENDENT AMERICAN;FALSE;total;27339;1115583;FALSE;20210114;OTHER
2008;ARKANSAS;AR;5;71;42;US SENATE;statewide;gen;FALSE;REBEKAH KENNEDY;GREEN;FALSE;total;207076;1011754;FALSE;20210114;OTHER
1994;NEW YORK;NY;36;21;13;US SENATE;statewide;gen;FALSE;DANIEL PATRICK MOYNIHAN;LIBERAL;FALSE;total;118154;5328486;FALSE;20210114;OTHER
1984;ARKANSAS;AR;5;71;42;US SENATE;statewide;gen;FALSE;DAVID PRYOR;DEMOCRAT;FALSE;total;502341;875956;FALSE;20210114;DEMOCRAT
2000;WEST VIRGINIA;WV;54;55;56;US SENATE;statewide;gen;FALSE;JOE WHELAN;LIBERTARIAN;FALSE;total;12627;603477;FALSE;20210114;LIBERTARIAN
2012;CALIFORNIA;CA;6;93;71;US SENATE;statewide;gen;FALSE;ELIZABETH EMKEN;REPUBLICAN;FALSE;total;4713887;12578511;FALSE;20210114;REPUBLICAN
2018;WYOMING;WY;56;83;68;US SENATE;statewide;gen;FALSE;JOSEPH PORAMBO;LIBERTARIAN;FALSE;total;5658;203420;FALSE;20210114;LIBERTARIAN
2008;MISSISSIPPI;MS;28;64;46;US SENATE;statewide;gen;FALSE;THAD COCHRAN;REPUBLICAN;FALSE;total;766111;1247026;FALSE;20210114;REPUBLICAN
2012;VERMONT;VT;50;13;6;US SENATE;statewide;gen;FALSE;JOHN MACGOVERN;REPUBLICAN;FALSE;total;72898;292762;FALSE;20210114;REPUBLICAN
1992;HAWAII;HI;15;95;82;US SENATE;statewide;gen;FALSE;RICK REED;REPUBLICAN;FALSE;total;97928;363662;FALSE;20210114;REPUBLICAN
2006;MINNESOTA;MN;27;41;33;US SENATE;statewide;gen;FALSE;MICHAEL JAMES CAVLAN;GREEN;FALSE;total;10714;2202772;FALSE;20210114;OTHER
1986;WASHINGTON;WA;53;91;73;US SENATE;statewide;gen;FALSE;SLADE GORTON;REPUBLICAN;FALSE;total;650931;1337367;FALSE;20210114;REPUBLICAN
1990;SOUTH DAKOTA;SD;46;45;37;US SENATE;statewide;gen;FALSE;DEAN L. SINCLAIR;INDEPENDENT;FALSE;total;6567;258976;FALSE;20210114;OTHER
1978;RHODE ISLAND;RI;44;15;5;US SENATE;statewide;gen;FALSE;CLAIBORNE PELL;DEMOCRAT;FALSE;total;229557;305618;FALSE;20210114;DEMOCRAT
1986;LOUISIANA;LA;22;72;45;US SENATE;statewide;gen;FALSE;JOHN B. BREAUX;DEMOCRAT;FALSE;total;723586;1369897;FALSE;20210114;DEMOCRAT
1984;TEXAS;TX;48;74;49;US SENATE;statewide;gen;FALSE;OTHER;;FALSE;total;273;5314178;FALSE;20210114;OTHER
1998;MARYLAND;MD;24;52;52;US SENATE;statewide;gen;FALSE;ROSS Z. PIERPONT;REPUBLICAN;FALSE;total;444637;1507447;FALSE;20210114;REPUBLICAN
2000;NEVADA;NV;32;88;65;US SENATE;statewide;gen;FALSE;BILL GRUTZMACHER;CITIZENS FIRST;FALSE;total;1579;600776;FALSE;20210114;OTHER
1992;NEVADA;NV;32;88;65;US SENATE;statewide;gen;FALSE;LOIS AVERY;NATURAL LAW;FALSE;total;7279;495887;FALSE;20210114;OTHER
1990;HAWAII;HI;15;95;82;US SENATE;statewide;gen;TRUE;KEN SCHOOLLAND;LIBERTARIAN;FALSE;total;4787;349666;FALSE;20210114;LIBERTARIAN
2006;NORTH DAKOTA;ND;38;44;36;US SENATE;statewide;gen;FALSE;DWIGHT GROTBERG;REPUBLICAN;FALSE;total;64417;218152;FALSE;20210114;REPUBLICAN
2006;OHIO;OH;39;31;24;US SENATE;statewide;gen;FALSE;;;TRUE;total;830;4019236;FALSE;20210114;OTHER
1998;NEW HAMPSHIRE;NH;33;12;4;US SENATE;statewide;gen;FALSE;JUDD GREGG;REPUBLICAN;FALSE;total;213477;314696;FALSE;20210114;REPUBLICAN
2010;ILLINOIS;IL;17;33;21;US SENATE;statewide;gen;TRUE;MIKE LABNO;LIBERTARIAN;FALSE;total;87247;3704473;FALSE;20210114;LIBERTARIAN
2010;NEVADA;NV;32;88;65;US SENATE;statewide;gen;FALSE;SHARRON ANGLE;REPUBLICAN;FALSE;total;321361;721404;FALSE;20210114;REPUBLICAN
2020;MINNESOTA;MN;27;41;33;US SENATE;statewide;gen;FALSE;TINA SMITH;DEMOCRAT;FALSE;total;1566522;3214256;FALSE;20210114;DEMOCRAT
1990;IOWA;IA;19;42;31;US SENATE;statewide;gen;FALSE;TOM HARKIN;DEMOCRAT;FALSE;total;535975;983933;FALSE;20210114;DEMOCRAT
2010;NEW YORK;NY;36;21;13;US SENATE;statewide;gen;TRUE;VIVIA MORGAN;ANTI-PROHIBITION;FALSE;total;11787;4757635;FALSE;20210114;OTHER
1978;NEW HAMPSHIRE;NH;33;12;4;US SENATE;statewide;gen;FALSE;GORDON J. HUMPHREY;REPUBLICAN;FALSE;total;133745;263760;FALSE;20210114;REPUBLICAN
1976;NEBRASKA;NE;31;46;35;US SENATE;statewide;gen;FALSE;JOHN Y. MCCOLLISTER;REPUBLICAN;FALSE;total;279284;593310;FALSE;20210114;REPUBLICAN
2002;MICHIGAN;MI;26;34;23;US SENATE;statewide;gen;FALSE;JOHN S. MANGOPOULOS;REFORM;FALSE;total;12831;3129287;FALSE;20210114;OTHER
1996;NORTH CAROLINA;NC;37;56;47;US SENATE;statewide;gen;FALSE;J. VICTOR PARDO;NATURAL LAW;FALSE;total;11209;2556456;FALSE;20210114;OTHER
2012;MONTANA;MT;30;81;64;US SENATE;statewide;gen;FALSE;DAN COX;LIBERTARIAN;FALSE;total;31892;486066;FALSE;20210114;LIBERTARIAN
1980;WISCONSIN;WI;55;35;25;US SENATE;statewide;gen;FALSE;BERVIN J. LARSON;LIBERTARIAN;FALSE;total;9679;2204202;FALSE;20210114;LIBERTARIAN
2000;NEVADA;NV;32;88;65;US SENATE;statewide;gen;FALSE;NONE OF THESE CANDIDATES;;FALSE;total;11503;600776;FALSE;20210114;OTHER
1988;NEVADA;NV;32;88;65;US SENATE;statewide;gen;FALSE;RICHARD H. BRYAN;DEMOCRAT;FALSE;total;175548;342407;FALSE;20210114;DEMOCRAT
2006;NORTH DAKOTA;ND;38;44;36;US SENATE;statewide;gen;FALSE;ROLAND RIEMERS;INDEPENDENT;FALSE;total;2194;218152;FALSE;20210114;OTHER
1986;NORTH CAROLINA;NC;37;56;47;US SENATE;statewide;gen;TRUE;JAMES T. (JIM) BROYHILL;REPUBLICAN;FALSE;total;753881;1534848;FALSE;20210114;REPUBLICAN
1986;SOUTH CAROLINA;SC;45;57;48;US SENATE;statewide;gen;FALSE;STEVEN B. VANDERVELDE;LIBERTARIAN;FALSE;total;4789;737962;FALSE;20210114;LIBERTARIAN
2012;FLORIDA;FL;12;59;43;US SENATE;statewide;gen;FALSE;NAOMI CRAINE;;TRUE;total;19;8189946;FALSE;20210114;OTHER
2012;NEW YORK;NY;36;21;13;US SENATE;statewide;gen;FALSE;JOHN MANGELLI;COMMON SENSE;FALSE;total;21985;7116628;FALSE;20210114;OTHER
2006;TENNESSEE;TN;47;62;54;US SENATE;statewide;gen;FALSE;JAMES ANTHONY GRAY;INDEPENDENT;FALSE;total;14;1833695;FALSE;20210114;OTHER
1982;TEXAS;TX;48;74;49;US SENATE;statewide;gen;FALSE;LINEAUS HOOPER LORETTE;CITIZENS;FALSE;total;4564;3103167;FALSE;20210114;OTHER
1976;TEXAS;TX;48;74;49;US SENATE;statewide;gen;FALSE;LLOYD BENTSEN;DEMOCRAT;FALSE;total;2199956;3874230;FALSE;20210114;DEMOCRAT
2010;OREGON;OR;41;92;72;US SENATE;statewide;gen;FALSE;MARC DELPHINE;LIBERTARIAN;FALSE;total;16028;1442588;FALSE;20210114;LIBERTARIAN
1976;VIRGINIA;VA;51;54;40;US SENATE;statewide;gen;FALSE;MARTIN H. PERPER;INDEPENDENT;FALSE;total;70559;1557500;FALSE;20210114;OTHER
2010;CALIFORNIA;CA;6;93;71;US SENATE;statewide;gen;FALSE;;;TRUE;total;5;10000160;FALSE;20210114;OTHER
2010;CONNECTICUT;CT;9;16;1;US SENATE;statewide;gen;FALSE;JEFF RUSSELL;;TRUE;total;45;1153115;FALSE;20210114;OTHER
1984;OREGON;OR;41;92;72;US SENATE;statewide;gen;FALSE;MARGIE HENDRIKSEN;DEMOCRAT;FALSE;total;406122;1214735;FALSE;20210114;DEMOCRAT
1994;DELAWARE;DE;10;51;11;US SENATE;statewide;gen;FALSE;JOHN C. DIERICKX;LIBERTARIAN;FALSE;total;3386;199000;FALSE;20210114;LIBERTARIAN
1986;FLORIDA;FL;12;59;43;US SENATE;statewide;gen;FALSE;PAULA HAWKINS;REPUBLICAN;FALSE;total;1552376;3429996;FALSE;20210114;REPUBLICAN
1976;TEXAS;TX;48;74;49;US SENATE;statewide;gen;FALSE;MARJORIE P. GALLION;AMERICAN;FALSE;total;17355;3874230;FALSE;20210114;OTHER
2008;MINNESOTA;MN;27;41;33;US SENATE;statewide;gen;FALSE;NORM COLEMAN;REPUBLICAN;FALSE;total;1212317;2887646;FALSE;20210114;REPUBLICAN
1976;CALIFORNIA;CA;6;93;71;US SENATE;statewide;gen;FALSE;S. I. (SAM) HAYAKAWA;REPUBLICAN;FALSE;total;3748973;7470586;FALSE;20210114;REPUBLICAN
2014;COLORADO;CO;8;84;62;US SENATE;statewide;gen;FALSE;;;TRUE;total;21;2041058;FALSE;20210114;OTHER
1976;WASHINGTON;WA;53;91;73;US SENATE;statewide;gen;FALSE;DAVE SMITH;INDEPENDENT;FALSE;total;28182;1491111;FALSE;20210114;OTHER
1996;NEBRASKA;NE;31;46;35;US SENATE;statewide;gen;FALSE;BEN NELSON;DEMOCRAT;FALSE;total;281904;661837;FALSE;20210114;DEMOCRAT
1986;ARIZONA;AZ;4;86;61;US SENATE;statewide;gen;FALSE;;;TRUE;total;60;862921;FALSE;20210114;OTHER
1978;NEW JERSEY;NJ;34;22;12;US SENATE;statewide;gen;FALSE;WILLIAM R. THORN;INDEPENDENT;FALSE;total;2776;1957515;FALSE;20210114;OTHER
2016;MISSOURI;MO;29;43;34;US SENATE;statewide;gen;FALSE;;;TRUE;total;12;2802637;FALSE;20210114;OTHER
1998;NEW YORK;NY;36;21;13;US SENATE;statewide;gen;FALSE;BLANK VOTE/SCATTERING;;FALSE;total;319072;4989877;FALSE;20210114;OTHER
2010;NEVADA;NV;32;88;65;US SENATE;statewide;gen;FALSE;HARRY REID;DEMOCRAT;FALSE;total;362785;721404;FALSE;20210114;DEMOCRAT
1996;IDAHO;ID;16;82;63;US SENATE;statewide;gen;FALSE;MARY J. CHARBONNEAU;INDEPENDENT;FALSE;total;10137;497233;FALSE;20210114;OTHER
2000;WISCONSIN;WI;55;35;25;US SENATE;statewide;gen;FALSE;SCATTER;;FALSE;total;902;2540083;FALSE;20210114;OTHER
1976;HAWAII;HI;15;95;82;US SENATE;statewide;gen;FALSE;SPARK M. MATSUNAGA;DEMOCRAT;FALSE;total;162305;302092;FALSE;20210114;DEMOCRAT
2006;VERMONT;VT;50;13;6;US SENATE;statewide;gen;FALSE;;;TRUE;total;267;262419;FALSE;20210114;OTHER
2000;WISCONSIN;WI;55;35;25;US SENATE;statewide;gen;FALSE;TIM PETERSON;LIBERTARIAN;FALSE;total;21348;2540083;FALSE;20210114;LIBERTARIAN
2008;WYOMING;WY;56;83;68;US SENATE;statewide;gen;FALSE;OVER VOTE;;FALSE;total;61;250007;FALSE;20210114;OTHER
2000;RHODE ISLAND;RI;44;15;5;US SENATE;statewide;gen;FALSE;ROBERT A. WEYGAND;DEMOCRAT;FALSE;total;161023;391353;FALSE;20210114;DEMOCRAT
2000;MICHIGAN;MI;26;34;23;US SENATE;statewide;gen;FALSE;MATTHEW R. ABEL;GREEN;FALSE;total;37542;4167685;FALSE;20210114;OTHER
1990;TENNESSEE;TN;47;62;54;US SENATE;statewide;gen;FALSE;BILL JACOX;INDEPENDENT;FALSE;total;11191;783922;FALSE;20210114;OTHER
2008;NEW JERSEY;NJ;34;22;12;US SENATE;statewide;gen;FALSE;DICK ZIMMER;REPUBLICAN;FALSE;total;1461025;3482445;FALSE;20210114;REPUBLICAN
1976;OHIO;OH;39;31;24;US SENATE;statewide;gen;FALSE;HOWARD M. METZENBAUM;DEMOCRAT;FALSE;total;1941113;3920613;FALSE;20210114;DEMOCRAT
2006;DELAWARE;DE;10;51;11;US SENATE;statewide;gen;FALSE;WILLIAM E. MORRIS;LIBERTARIAN;FALSE;total;2671;242972;FALSE;20210114;LIBERTARIAN
2016;LOUISIANA;LA;22;72;45;US SENATE;statewide;gen;FALSE;JOSHUA PELLERIN;DEMOCRAT;FALSE;total;7395;1997218;FALSE;20210114;DEMOCRAT
2010;COLORADO;CO;8;84;62;US SENATE;statewide;gen;FALSE;"MACLYN ""MAC"" STRINGER";LIBERTARIAN;FALSE;total;22589;1772286;FALSE;20210114;LIBERTARIAN
1986;NEW HAMPSHIRE;NH;33;12;4;US SENATE;statewide;gen;FALSE;WARREN B. RUDMAN;REPUBLICAN;FALSE;total;154090;244735;FALSE;20210114;REPUBLICAN
2010;MISSOURI;MO;29;43;34;US SENATE;statewide;gen;FALSE;;;TRUE;total;3;1943899;FALSE;20210114;OTHER
1992;CONNECTICUT;CT;9;16;1;US SENATE;statewide;gen;FALSE;RICHARD D. GREGORY;CONCERNED CITIZENS;FALSE;total;35315;1500661;FALSE;20210114;OTHER
2014;WYOMING;WY;56;83;68;US SENATE;statewide;gen;FALSE;;;TRUE;total;471;171153;FALSE;20210114;OTHER
2020;WEST VIRGINIA;WV;54;55;56;US SENATE;statewide;gen;FALSE;DAVID MORAN;LIBERTARIAN;FALSE;total;21155;778918;FALSE;20210114;LIBERTARIAN
2010;NEW YORK;NY;36;21;13;US SENATE;statewide;gen;FALSE;BLANK VOTE/SCATTERING;;FALSE;total;168384;4763899;FALSE;20210114;OTHER
1984;NEW JERSEY;NJ;34;22;12;US SENATE;statewide;gen;FALSE;JASPER C. GOULD;CONTEMPT OF COURT;FALSE;total;2891;3096456;FALSE;20210114;OTHER
1994;MASSACHUSETTS;MA;25;14;3;US SENATE;statewide;gen;FALSE;W. MITT ROMNEY;REPUBLICAN;FALSE;total;894000;2179945;FALSE;20210114;REPUBLICAN
2014;MINNESOTA;MN;27;41;33;US SENATE;statewide;gen;FALSE;MIKE MCFADDEN;REPUBLICAN;FALSE;total;850227;1981528;FALSE;20210114;REPUBLICAN
2016;COLORADO;CO;8;84;62;US SENATE;statewide;gen;FALSE;DARRYL GLENN;REPUBLICAN;FALSE;total;1215318;2743023;FALSE;20210114;REPUBLICAN
1988;UTAH;UT;49;87;67;US SENATE;statewide;gen;FALSE;BRIAN H. MOSS;DEMOCRAT;FALSE;total;203364;640702;FALSE;20210114;DEMOCRAT
2020;RHODE ISLAND;RI;44;15;5;US SENATE;statewide;gen;FALSE;ALLEN R. WATERS;REPUBLICAN;FALSE;total;164855;494262;FALSE;20210114;REPUBLICAN
1978;MONTANA;MT;30;81;64;US SENATE;statewide;gen;FALSE;LARRY WILLIAMS;REPUBLICAN;FALSE;total;127589;287942;FALSE;20210114;REPUBLICAN
2018;OHIO;OH;39;31;24;US SENATE;statewide;gen;FALSE;JIM RENACCI;REPUBLICAN;FALSE;total;2053963;4410898;FALSE;20210114;REPUBLICAN
1992;SOUTH DAKOTA;SD;46;45;37;US SENATE;statewide;gen;FALSE;THOMAS A. DASCHLE;DEMOCRAT;FALSE;total;217095;334495;FALSE;20210114;DEMOCRAT
1976;MASSACHUSETTS;MA;25;14;3;US SENATE;statewide;gen;FALSE;MICHAEL S. ROBERTSON;REPUBLICAN;FALSE;total;722641;2491255;FALSE;20210114;REPUBLICAN
1992;ILLINOIS;IL;17;33;21;US SENATE;statewide;gen;FALSE;ANDREW B. SPIEGEL;LIBERTARIAN;FALSE;total;34527;4939558;FALSE;20210114;LIBERTARIAN
2004;WASHINGTON;WA;53;91;73;US SENATE;statewide;gen;FALSE;MARK B. WILSON;GREEN;FALSE;total;30304;2818651;FALSE;20210114;OTHER
2010;MARYLAND;MD;24;52;52;US SENATE;statewide;gen;FALSE;;;TRUE;total;6;1833858;FALSE;20210114;OTHER
2016;MARYLAND;MD;24;52;52;US SENATE;statewide;gen;FALSE;;;TRUE;total;77;2726170;FALSE;20210114;OTHER
1996;NEW JERSEY;NJ;34;22;12;US SENATE;statewide;gen;FALSE;MARK WISE;INDEPENDENT;FALSE;total;13683;2883466;FALSE;20210114;OTHER
2018;MICHIGAN;MI;26;34;23;US SENATE;statewide;gen;FALSE;JOHN HOWARD WILHELM;NATURAL LAW;FALSE;total;16502;4237271;FALSE;20210114;OTHER
2012;MICHIGAN;MI;26;34;23;US SENATE;statewide;gen;FALSE;JOHN D. LITLE;NATURAL LAW;FALSE;total;11229;4652918;FALSE;20210114;OTHER
2008;TENNESSEE;TN;47;62;54;US SENATE;statewide;gen;FALSE;EDWARD L. BUCK;INDEPENDENT;FALSE;total;31631;2424585;FALSE;20210114;OTHER
1990;MONTANA;MT;30;81;64;US SENATE;statewide;gen;FALSE;WESTLEY F. DEITCHLER;LIBERTARIAN;FALSE;total;7937;319336;FALSE;20210114;LIBERTARIAN
1988;NORTH DAKOTA;ND;38;44;36;US SENATE;statewide;gen;FALSE;KENNETH C. GARDNER;LIBERTARIAN;FALSE;total;4334;289170;FALSE;20210114;LIBERTARIAN
1984;COLORADO;CO;8;84;62;US SENATE;statewide;gen;FALSE;"WILLIAM L. ""BILL"" ARMSTRONG";REPUBLICAN;FALSE;total;833821;1297809;FALSE;20210114;REPUBLICAN
1986;SOUTH CAROLINA;SC;45;57;48;US SENATE;statewide;gen;FALSE;ERNEST FRITZ HOLLINGS;DEMOCRAT;FALSE;total;465500;737962;FALSE;20210114;DEMOCRAT
2012;NEVADA;NV;32;88;65;US SENATE;statewide;gen;FALSE;DAVID LORY VANDERBEEK;INDEPENDENT AMERICAN;FALSE;total;48792;997805;FALSE;20210114;OTHER
2004;KANSAS;KS;20;47;32;US SENATE;statewide;gen;FALSE;STEVEN A. ROSILE;LIBERTARIAN;FALSE;total;21842;1129022;FALSE;20210114;LIBERTARIAN
1988;NEW YORK;NY;36;21;13;US SENATE;statewide;gen;FALSE;ROBERT R. MCMILLAN;REPUBLICAN;FALSE;total;1686558;6040980;FALSE;20210114;REPUBLICAN
1998;OREGON;OR;41;92;72;US SENATE;statewide;gen;FALSE;JIM BREWSTER;LIBERTARIAN;FALSE;total;18221;1117747;FALSE;20210114;LIBERTARIAN
1990;MINNESOTA;MN;27;41;33;US SENATE;statewide;gen;FALSE;RUSSELL B. BENTLEY;GRASSROOTS;FALSE;total;29820;1808045;FALSE;20210114;OTHER
2018;TENNESSEE;TN;47;62;54;US SENATE;statewide;gen;FALSE;MARSHA BLACKBURN;REPUBLICAN;FALSE;total;1227483;2243740;FALSE;20210114;REPUBLICAN
1994;RHODE ISLAND;RI;44;15;5;US SENATE;statewide;gen;FALSE;JOHN H. CHAFEE;REPUBLICAN;FALSE;total;222856;345388;FALSE;20210114;REPUBLICAN
2010;CALIFORNIA;CA;6;93;71;US SENATE;statewide;gen;FALSE;CARLY FIORINA;REPUBLICAN;FALSE;total;4217366;10000160;FALSE;20210114;REPUBLICAN
2008;NEBRASKA;NE;31;46;35;US SENATE;statewide;gen;FALSE;MIKE JOHANNS;REPUBLICAN;FALSE;total;455854;792511;FALSE;20210114;REPUBLICAN
2002;LOUISIANA;LA;22;72;45;US SENATE;statewide;gen;FALSE;MARY L. LANDRIEU;DEMOCRAT;FALSE;total;573347;2481629;FALSE;20210114;DEMOCRAT
1990;NEW MEXICO;NM;35;85;66;US SENATE;statewide;gen;FALSE;PETE V. DOMENICI;REPUBLICAN;FALSE;total;296712;406938;FALSE;20210114;REPUBLICAN
2010;CONNECTICUT;CT;9;16;1;US SENATE;statewide;gen;FALSE;RICHARD BLUMENTHAL;DEMOCRAT;FALSE;total;605204;1153115;FALSE;20210114;DEMOCRAT
2018;NEW YORK;NY;36;21;13;US SENATE;statewide;gen;FALSE;CHELE CHIAVACCI FARLEY;REPUBLICAN;FALSE;total;1730439;6055151;FALSE;20210114;REPUBLICAN
1990;WEST VIRGINIA;WV;54;55;56;US SENATE;statewide;gen;FALSE;JOHN D. ROCKEFELLER IV;DEMOCRAT;FALSE;total;276234;404305;FALSE;20210114;DEMOCRAT
2016;OHIO;OH;39;31;24;US SENATE;statewide;gen;FALSE;ROB PORTMAN;REPUBLICAN;FALSE;total;3118567;5374164;FALSE;20210114;REPUBLICAN
1996;SOUTH DAKOTA;SD;46;45;37;US SENATE;statewide;gen;FALSE;TIM JOHNSON;DEMOCRAT;FALSE;total;166533;324487;FALSE;20210114;DEMOCRAT
1982;NORTH DAKOTA;ND;38;44;36;US SENATE;statewide;gen;FALSE;ANNA B. BOURGOIS;GOD, FAMILY, AND COUNTRY;FALSE;total;8288;262465;FALSE;20210114;OTHER
1988;NEBRASKA;NE;31;46;35;US SENATE;statewide;gen;FALSE;DAVE KARNES;REPUBLICAN;FALSE;total;278250;667860;FALSE;20210114;REPUBLICAN
2016;HAWAII;HI;15;95;82;US SENATE;statewide;gen;FALSE;OVER VOTE;;FALSE;total;339;437664;FALSE;20210114;OTHER
2010;ARIZONA;AZ;4;86;61;US SENATE;statewide;gen;FALSE;;;TRUE;total;7;1708484;FALSE;20210114;OTHER
1982;INDIANA;IN;18;32;22;US SENATE;statewide;gen;FALSE;FLOYD J. FITHIAN;DEMOCRAT;FALSE;total;828400;1817287;FALSE;20210114;DEMOCRAT
2002;MASSACHUSETTS;MA;25;14;3;US SENATE;statewide;gen;FALSE;JOHN F. KERRY;DEMOCRAT;FALSE;total;1605976;2220301;FALSE;20210114;DEMOCRAT
2010;NORTH DAKOTA;ND;38;44;36;US SENATE;statewide;gen;FALSE;KEITH J. HANSON;LIBERTARIAN;FALSE;total;3890;238534;FALSE;20210114;LIBERTARIAN
1978;ALABAMA;AL;1;63;41;US SENATE;statewide;gen;FALSE;JEROME B. COUCH;PROHIBITION;FALSE;total;34951;582005;FALSE;20210114;OTHER
1986;NEVADA;NV;32;88;65;US SENATE;statewide;gen;FALSE;JIM SANTINI;REPUBLICAN;FALSE;total;116606;261932;FALSE;20210114;REPUBLICAN
1998;NORTH DAKOTA;ND;38;44;36;US SENATE;statewide;gen;FALSE;BYRON L. DORGAN;DEMOCRAT;FALSE;total;134747;213358;FALSE;20210114;DEMOCRAT
2006;WISCONSIN;WI;55;35;25;US SENATE;statewide;gen;FALSE;RAE VOGELER;WISCONSIN GREEN;FALSE;total;42434;2138297;FALSE;20210114;OTHER
1976;MICHIGAN;MI;26;34;23;US SENATE;statewide;gen;FALSE;BETTE JANE ERWIN;LIBERTARIAN;FALSE;total;8842;3490412;FALSE;20210114;LIBERTARIAN
1992;ARIZONA;AZ;4;86;61;US SENATE;statewide;gen;FALSE;ED FINKELSTEIN;NEW ALLIANCE;FALSE;total;6335;1382051;FALSE;20210114;OTHER
1982;PENNSYLVANIA;PA;42;23;14;US SENATE;statewide;gen;FALSE;BARBARA I. KARKUTT;LIBERTARIAN;FALSE;total;19244;3604108;FALSE;20210114;LIBERTARIAN
2018;VERMONT;VT;50;13;6;US SENATE;statewide;gen;FALSE;BRAD J. PEACOCK;INDEPENDENT;FALSE;total;3787;272624;FALSE;20210114;OTHER
1988;WISCONSIN;WI;55;35;25;US SENATE;statewide;gen;FALSE;SUSAN ENGELEITER;REPUBLICAN;FALSE;total;1030440;2168190;FALSE;20210114;REPUBLICAN
1996;TENNESSEE;TN;47;62;54;US SENATE;statewide;gen;FALSE;GREG SAMPLES;INDEPENDENT;FALSE;total;4104;1778664;FALSE;20210114;OTHER
2018;UTAH;UT;49;87;67;US SENATE;statewide;gen;FALSE;CRAIG R. BOWDEN;LIBERTARIAN;FALSE;total;27607;1062845;FALSE;20210114;LIBERTARIAN
1998;PENNSYLVANIA;PA;42;23;14;US SENATE;statewide;gen;FALSE;JACK IANNANTUONO;LIBERTARIAN;FALSE;total;46103;2957499;FALSE;20210114;LIBERTARIAN
1978;WEST VIRGINIA;WV;54;55;56;US SENATE;statewide;gen;FALSE;ARCH A. MOORE JR. ;REPUBLICAN;FALSE;total;244317;493351;FALSE;20210114;REPUBLICAN
1990;NEW JERSEY;NJ;34;22;12;US SENATE;statewide;gen;FALSE;JOHN L. KUCEK;POPULIST;FALSE;total;19978;1938454;FALSE;20210114;OTHER
1982;WYOMING;WY;56;83;68;US SENATE;statewide;gen;FALSE;MALCOLM WALLOP;REPUBLICAN;FALSE;total;94725;167191;FALSE;20210114;REPUBLICAN
2002;VIRGINIA;VA;51;54;40;US SENATE;statewide;gen;FALSE;;;TRUE;total;8371;1489422;FALSE;20210114;OTHER
2000;NEVADA;NV;32;88;65;US SENATE;statewide;gen;FALSE;ERNIE BERGHOF;INDEPENDENT AMERICAN;FALSE;total;2540;600776;FALSE;20210114;OTHER
1978;NEW JERSEY;NJ;34;22;12;US SENATE;statewide;gen;FALSE;ROBERT BROWN;LABOR;FALSE;total;3656;1957515;FALSE;20210114;OTHER
2018;MISSOURI;MO;29;43;34;US SENATE;statewide;gen;FALSE;CRAIG O'DEAR;INDEPENDENT;FALSE;total;34398;2442289;FALSE;20210114;OTHER
2016;OKLAHOMA;OK;40;73;53;US SENATE;statewide;gen;FALSE;ROBERT T. MURPHY;LIBERTARIAN;FALSE;total;43421;1448047;FALSE;20210114;LIBERTARIAN
2002;TEXAS;TX;48;74;49;US SENATE;statewide;gen;FALSE;;;TRUE;total;1422;4514012;FALSE;20210114;OTHER
1992;IDAHO;ID;16;82;63;US SENATE;statewide;gen;FALSE;DIRK KEMPTHORNE;REPUBLICAN;FALSE;total;270468;478504;FALSE;20210114;REPUBLICAN
1976;NEW YORK;NY;36;21;13;US SENATE;statewide;gen;FALSE;MARTIN E. NIXON;LIBERTARIAN;FALSE;total;10943;6666875;FALSE;20210114;LIBERTARIAN
2000;MAINE;ME;23;11;2;US SENATE;statewide;gen;FALSE;MARK W. LAWRENCE;DEMOCRAT;FALSE;total;197183;634872;FALSE;20210114;DEMOCRAT
1980;GEORGIA;GA;13;58;44;US SENATE;statewide;gen;FALSE;MACK MATTINGLY;REPUBLICAN;FALSE;total;803686;1579829;FALSE;20210114;REPUBLICAN
2002;ALASKA;AK;2;94;81;US SENATE;statewide;gen;FALSE;FRANK VONDERSAAR;DEMOCRAT;FALSE;total;24133;229548;FALSE;20210114;DEMOCRAT
1998;COLORADO;CO;8;84;62;US SENATE;statewide;gen;FALSE;BEN NIGHTHORSE CAMPBELL;REPUBLICAN;FALSE;total;829370;1327235;FALSE;20210114;REPUBLICAN
2016;ALASKA;AK;2;94;81;US SENATE;statewide;gen;FALSE;TED GIANOUTSOS;INDEPENDENT;FALSE;total;1758;311441;FALSE;20210114;OTHER
2010;IDAHO;ID;16;82;63;US SENATE;statewide;gen;FALSE;;;TRUE;total;91;449530;FALSE;20210114;OTHER
2012;MAINE;ME;23;11;2;US SENATE;statewide;gen;FALSE;ANGUS KING;INDEPENDENT FOR MAINE;FALSE;total;370580;724720;FALSE;20210114;OTHER
1982;DELAWARE;DE;10;51;11;US SENATE;statewide;gen;FALSE;LAWRENCE D. SULLIVAN;LIBERTARIAN;FALSE;total;653;190960;FALSE;20210114;LIBERTARIAN
2016;IOWA;IA;19;42;31;US SENATE;statewide;gen;FALSE;;;TRUE;total;1685;1541036;FALSE;20210114;OTHER
2020;VIRGINIA;VA;51;54;40;US SENATE;statewide;gen;FALSE;DANIEL M. GADE;REPUBLICAN;FALSE;total;1934199;4405087;FALSE;20210114;REPUBLICAN
1990;MINNESOTA;MN;27;41;33;US SENATE;statewide;gen;FALSE;;;TRUE;total;1851;1808045;FALSE;20210114;OTHER
1976;MASSACHUSETTS;MA;25;14;3;US SENATE;statewide;gen;FALSE;H. GRAHAM LOWRY;U.S. LABOR;FALSE;total;15517;2491255;FALSE;20210114;OTHER
1998;MISSOURI;MO;29;43;34;US SENATE;statewide;gen;FALSE;JEREMIAH W. (JAY) NIXON;DEMOCRAT;FALSE;total;690208;1576857;FALSE;20210114;DEMOCRAT
1996;VIRGINIA;VA;51;54;40;US SENATE;statewide;gen;FALSE;JOHN W. WARNER;REPUBLICAN;FALSE;total;1235744;2354715;FALSE;20210114;REPUBLICAN
1996;OKLAHOMA;OK;40;73;53;US SENATE;statewide;gen;FALSE;CHRIS NEDBALEK;INDEPENDENT;FALSE;total;8691;1183150;FALSE;20210114;OTHER
2000;VERMONT;VT;50;13;6;US SENATE;statewide;gen;FALSE;HUGH DOUGLAS;LIBERTARIAN;FALSE;total;3843;288500;FALSE;20210114;LIBERTARIAN
2002;IDAHO;ID;16;82;63;US SENATE;statewide;gen;FALSE;LARRY E. CRAIG;REPUBLICAN;FALSE;total;266215;408544;FALSE;20210114;REPUBLICAN
2016;CALIFORNIA;CA;6;93;71;US SENATE;statewide;gen;FALSE;LORETTA SANCHEZ;DEMOCRAT;FALSE;total;4701417;12244170;FALSE;20210114;DEMOCRAT
1978;MASSACHUSETTS;MA;25;14;3;US SENATE;statewide;gen;FALSE;PAUL E. TSONGAS;DEMOCRAT;FALSE;total;1093283;1985700;FALSE;20210114;DEMOCRAT
1978;IOWA;IA;19;42;31;US SENATE;statewide;gen;FALSE;DICK CLARK;DEMOCRAT;FALSE;total;395066;824576;FALSE;20210114;DEMOCRAT
2000;MISSOURI;MO;29;43;34;US SENATE;statewide;gen;FALSE;EVALINE TAYLOR;GREEN;FALSE;total;10612;2361586;FALSE;20210114;OTHER
2000;FLORIDA;FL;12;59;43;US SENATE;statewide;gen;FALSE;JOE SIMONETTA;NATURAL LAW;FALSE;total;26087;5856731;FALSE;20210114;OTHER
2020;MISSISSIPPI;MS;28;64;46;US SENATE;statewide;gen;FALSE;CINDY HYDE-SMITH;REPUBLICAN;FALSE;total;709511;1311354;FALSE;20210114;REPUBLICAN
1996;ILLINOIS;IL;17;33;21;US SENATE;statewide;gen;FALSE;;;TRUE;total;4228;4250722;FALSE;20210114;OTHER
2000;NEW YORK;NY;36;21;13;US SENATE;statewide;gen;FALSE;RICK LAZIO;REPUBLICAN;FALSE;total;2724589;6959662;FALSE;20210114;REPUBLICAN
2006;WISCONSIN;WI;55;35;25;US SENATE;statewide;gen;FALSE;ROBERT GERALD LORGE;REPUBLICAN;FALSE;total;630299;2138297;FALSE;20210114;REPUBLICAN
2004;ALABAMA;AL;1;63;41;US SENATE;statewide;gen;FALSE;RICHARD C. SHELBY;REPUBLICAN;FALSE;total;1242200;1839066;FALSE;20210114;REPUBLICAN
2016;LOUISIANA;LA;22;72;45;US SENATE;statewide;gen;FALSE;FOSTER CAMPBELL;DEMOCRAT;FALSE;total;347816;1997218;FALSE;20210114;DEMOCRAT
2008;NORTH CAROLINA;NC;37;56;47;US SENATE;statewide;gen;FALSE;;;TRUE;total;1719;4271970;FALSE;20210114;OTHER
2000;MISSISSIPPI;MS;28;64;46;US SENATE;statewide;gen;FALSE;LEWIS NAPPER;LIBERTARIAN;FALSE;total;8454;994144;FALSE;20210114;LIBERTARIAN
2000;NEW JERSEY;NJ;34;22;12;US SENATE;statewide;gen;FALSE;NANCY ROSENSTOCK;INDEPENDENT;FALSE;total;3309;3015662;FALSE;20210114;OTHER
1976;NEVADA;NV;32;88;65;US SENATE;statewide;gen;FALSE;OTHER;;FALSE;total;5288;201899;FALSE;20210114;OTHER
2014;MASSACHUSETTS;MA;25;14;3;US SENATE;statewide;gen;FALSE;EDWARD J. MARKEY;DEMOCRAT;FALSE;total;1289944;2186789;FALSE;20210114;DEMOCRAT
2010;CONNECTICUT;CT;9;16;1;US SENATE;statewide;gen;FALSE;RICHARD BLUMENTHAL;WORKING FAMILIES;FALSE;total;30836;1153115;FALSE;20210114;OTHER
2008;NEW JERSEY;NJ;34;22;12;US SENATE;statewide;gen;FALSE;JASON SCHEURER;LIBERTARIAN;FALSE;total;18810;3482445;FALSE;20210114;LIBERTARIAN
1992;ARIZONA;AZ;4;86;61;US SENATE;statewide;gen;FALSE;KIANA DELAMARE;LIBERTARIAN;FALSE;total;22613;1382051;FALSE;20210114;LIBERTARIAN
1990;NORTH CAROLINA;NC;37;56;47;US SENATE;statewide;gen;FALSE;;;TRUE;total;681;2069585;FALSE;20210114;OTHER
2014;WEST VIRGINIA;WV;54;55;56;US SENATE;statewide;gen;FALSE;;;TRUE;total;10;453689;FALSE;20210114;OTHER
1982;CONNECTICUT;CT;9;16;1;US SENATE;statewide;gen;FALSE;LUCIEN P. DIFAZIO, JR.;CONSERVATIVE;FALSE;total;30212;1083508;FALSE;20210114;OTHER
1992;IOWA;IA;19;42;31;US SENATE;statewide;gen;FALSE;SUE ATKINSON;;FALSE;total;6277;1292494;FALSE;20210114;OTHER
1980;OHIO;OH;39;31;24;US SENATE;statewide;gen;FALSE;JOHN GLENN;DEMOCRAT;FALSE;total;2770786;4027303;FALSE;20210114;DEMOCRAT
1992;WISCONSIN;WI;55;35;25;US SENATE;statewide;gen;FALSE;ROBERT L. KUNDERT;INDEPENDENT;FALSE;total;2747;2455124;FALSE;20210114;OTHER
1996;OREGON;OR;41;92;72;US SENATE;statewide;gen;FALSE;PAUL (STORMY) MOHN;LIBERTARIAN;FALSE;total;12697;1360230;FALSE;20210114;LIBERTARIAN
1998;NORTH CAROLINA;NC;37;56;47;US SENATE;statewide;gen;FALSE;LAUCH FAIRCLOTH;REPUBLICAN;FALSE;total;945943;2012143;FALSE;20210114;REPUBLICAN
1990;TEXAS;TX;48;74;49;US SENATE;statewide;gen;FALSE;HUGH PARMER;DEMOCRAT;FALSE;total;1429986;3822157;FALSE;20210114;DEMOCRAT
1998;GEORGIA;GA;13;58;44;US SENATE;statewide;gen;FALSE;BERTIL ARMIN LOFTMAN;LIBERTARIAN;FALSE;total;43467;1753953;FALSE;20210114;LIBERTARIAN
2012;NEW JERSEY;NJ;34;22;12;US SENATE;statewide;gen;FALSE;KENNETH R. KAPLAN;LIBERTARIAN;FALSE;total;16803;3376649;FALSE;20210114;LIBERTARIAN
1996;IOWA;IA;19;42;31;US SENATE;statewide;gen;FALSE;TOM HARKIN;DEMOCRAT;FALSE;total;634166;1224054;FALSE;20210114;DEMOCRAT
2018;DELAWARE;DE;10;51;11;US SENATE;statewide;gen;FALSE;DEMITRI G THEODOROPOULOS;GREEN;FALSE;total;4170;362592;FALSE;20210114;OTHER
1996;TENNESSEE;TN;47;62;54;US SENATE;statewide;gen;FALSE;ROBERT O. WATSON;INDEPENDENT;FALSE;total;5569;1778664;FALSE;20210114;OTHER
2000;NEW JERSEY;NJ;34;22;12;US SENATE;statewide;gen;FALSE;DENNIS A. BREEN;INDEPENDENT;FALSE;total;6061;3015662;FALSE;20210114;OTHER
2018;VIRGINIA;VA;51;54;40;US SENATE;statewide;gen;FALSE;COREY A. STEWART;REPUBLICAN;FALSE;total;1374313;3351373;FALSE;20210114;REPUBLICAN
2014;MICHIGAN;MI;26;34;23;US SENATE;statewide;gen;FALSE;RICHARD A. MATKIN;U.S. TAXPAYERS;FALSE;total;37529;3121771;FALSE;20210114;OTHER
2004;MARYLAND;MD;24;52;52;US SENATE;statewide;gen;FALSE;E. J. PIPKIN;REPUBLICAN;FALSE;total;783055;2321931;FALSE;20210114;REPUBLICAN
2016;OREGON;OR;41;92;72;US SENATE;statewide;gen;FALSE;ERIC NAVICKAS;PACIFIC GREEN;FALSE;total;48823;1952478;FALSE;20210114;OTHER
2010;ILLINOIS;IL;17;33;21;US SENATE;statewide;gen;TRUE;"ALEXANDER ""ALEXI"" GIANNOULIAS";DEMOCRAT;FALSE;total;1719478;3704473;FALSE;20210114;DEMOCRAT
1978;MINNESOTA;MN;27;41;33;US SENATE;statewide;gen;FALSE;WENDELL ANDERSON;DEMOCRAT;FALSE;total;638375;1580622;FALSE;20210114;DEMOCRAT
1996;IOWA;IA;19;42;31;US SENATE;statewide;gen;FALSE;JIM LIGHTFOOT;REPUBLICAN;FALSE;total;571807;1224054;FALSE;20210114;REPUBLICAN
2014;IDAHO;ID;16;82;63;US SENATE;statewide;gen;FALSE;JAMES E. RISCH;REPUBLICAN;FALSE;total;285596;437170;FALSE;20210114;REPUBLICAN
1982;INDIANA;IN;18;32;22;US SENATE;statewide;gen;FALSE;RAYMOND JAMES;AMERICAN;FALSE;total;10586;1817287;FALSE;20210114;OTHER
2010;WASHINGTON;WA;53;91;73;US SENATE;statewide;gen;FALSE;PATTY MURRAY;DEMOCRAT;FALSE;total;1314930;2511094;FALSE;20210114;DEMOCRAT
1986;NEW YORK;NY;36;21;13;US SENATE;statewide;gen;FALSE;ALFONSE M. D'AMATO;CONSERVATIVE;FALSE;total;212101;4484859;FALSE;20210114;OTHER
1990;HAWAII;HI;15;95;82;US SENATE;statewide;gen;TRUE;PATRICIA F. SAIKI;REPUBLICAN;FALSE;total;155978;349666;FALSE;20210114;REPUBLICAN
1994;TENNESSEE;TN;47;62;54;US SENATE;statewide;gen;TRUE;CHARLES N. HANCOCK;INDEPENDENT;FALSE;total;4169;1465862;FALSE;20210114;OTHER
2020;OKLAHOMA;OK;40;73;53;US SENATE;statewide;gen;FALSE;ABBY BROYLES;DEMOCRAT;FALSE;total;509763;1556361;FALSE;20210114;DEMOCRAT
1996;COLORADO;CO;8;84;62;US SENATE;statewide;gen;FALSE;TOM STRICKLAND;DEMOCRAT;FALSE;total;667600;1459601;FALSE;20210114;DEMOCRAT
1992;PENNSYLVANIA;PA;42;23;14;US SENATE;statewide;gen;FALSE;LYNN YEAKEL;DEMOCRAT;FALSE;total;2224966;4802410;FALSE;20210114;DEMOCRAT
2008;NEW JERSEY;NJ;34;22;12;US SENATE;statewide;gen;FALSE;FRANK R. LAUTENBERG;DEMOCRAT;FALSE;total;1951218;3482445;FALSE;20210114;DEMOCRAT
2014;NEW JERSEY;NJ;34;22;12;US SENATE;statewide;gen;FALSE;JOSEPH BARATELLI;LIBERTARIAN;FALSE;total;16721;1869535;FALSE;20210114;LIBERTARIAN
2016;ILLINOIS;IL;17;33;21;US SENATE;statewide;gen;FALSE;;;TRUE;total;42;5491878;FALSE;20210114;OTHER
2002;LOUISIANA;LA;22;72;45;US SENATE;statewide;gen;FALSE;JOHN COOKSEY;REPUBLICAN;FALSE;total;171752;2481629;FALSE;20210114;REPUBLICAN
2020;KENTUCKY;KY;21;61;51;US SENATE;statewide;gen;FALSE;DEMETRA WYSINGER;;TRUE;total;1;2135057;FALSE;20210114;OTHER
1978;TENNESSEE;TN;47;62;54;US SENATE;statewide;gen;FALSE;FERN LUCIUS KEASLER;INDEPENDENT;FALSE;total;2243;1157094;FALSE;20210114;OTHER
1976;NEW YORK;NY;36;21;13;US SENATE;statewide;gen;FALSE;OTHER;;FALSE;total;348498;6666875;FALSE;20210114;OTHER
2004;CALIFORNIA;CA;6;93;71;US SENATE;statewide;gen;FALSE;DON J. GRUNDMANN;AMERICAN INDEPENDENT;FALSE;total;81224;12053295;FALSE;20210114;OTHER
2008;IOWA;IA;19;42;31;US SENATE;statewide;gen;FALSE;TOM HARKIN;DEMOCRAT;FALSE;total;941665;1502918;FALSE;20210114;DEMOCRAT
1982;WASHINGTON;WA;53;91;73;US SENATE;statewide;gen;FALSE;DOUG JEWETT;REPUBLICAN;FALSE;total;332273;1368476;FALSE;20210114;REPUBLICAN
2002;ALASKA;AK;2;94;81;US SENATE;statewide;gen;FALSE;TED STEVENS;REPUBLICAN;FALSE;total;179438;229548;FALSE;20210114;REPUBLICAN
1992;ARIZONA;AZ;4;86;61;US SENATE;statewide;gen;FALSE;CLAIRE SARGENT;DEMOCRAT;FALSE;total;436321;1382051;FALSE;20210114;DEMOCRAT
2018;NEVADA;NV;32;88;65;US SENATE;statewide;gen;FALSE;BARRY MICHAELS;INDEPENDENT;FALSE;total;9269;972132;FALSE;20210114;OTHER
2016;FLORIDA;FL;12;59;43;US SENATE;statewide;gen;FALSE;BASIL E. DALACK;NONE;FALSE;total;22236;9301820;FALSE;20210114;OTHER
2008;WEST VIRGINIA;WV;54;55;56;US SENATE;statewide;gen;FALSE;;;TRUE;total;83;702308;FALSE;20210114;OTHER
2018;ARIZONA;AZ;4;86;61;US SENATE;statewide;gen;FALSE;KYRSTEN SINEMA;DEMOCRAT;FALSE;total;1191100;2384308;FALSE;20210114;DEMOCRAT
2010;OHIO;OH;39;31;24;US SENATE;statewide;gen;FALSE;ERIC W. DEATON;CONSTITUTION;FALSE;total;65856;3815098;FALSE;20210114;OTHER
2020;GEORGIA;GA;13;58;44;US SENATE;statewide;gen;TRUE;ED TARVER;DEMOCRAT;FALSE;total;26333;4914361;FALSE;20210114;DEMOCRAT
1980;KENTUCKY;KY;21;61;51;US SENATE;statewide;gen;FALSE;MARY LOUISE FOUST;REPUBLICAN;FALSE;total;386029;1106920;FALSE;20210114;REPUBLICAN
2004;MARYLAND;MD;24;52;52;US SENATE;statewide;gen;FALSE;;;TRUE;total;47;2321931;FALSE;20210114;OTHER
2020;LOUISIANA;LA;22;72;45;US SENATE;statewide;gen;FALSE;JAMAR MONTGOMERY;UNAFFILIATED;FALSE;total;5804;2071543;FALSE;20210114;OTHER
1984;NEW JERSEY;NJ;34;22;12;US SENATE;statewide;gen;FALSE;HAROLD F. LEIENDECKER;LIBERTARIAN;FALSE;total;7135;3096456;FALSE;20210114;LIBERTARIAN
2000;MASSACHUSETTS;MA;25;14;3;US SENATE;statewide;gen;FALSE;PHILIP F. LAWLER;CONSTITUTION;FALSE;total;42113;2734048;FALSE;20210114;OTHER
2002;MICHIGAN;MI;26;34;23;US SENATE;statewide;gen;FALSE;CARL LEVIN;DEMOCRAT;FALSE;total;1896614;3129287;FALSE;20210114;DEMOCRAT
2020;ARIZONA;AZ;4;86;61;US SENATE;statewide;gen;TRUE;MATTHEW HAUPT;INDEPENDENT;TRUE;total;37;3355307;FALSE;20210114;OTHER
2010;GEORGIA;GA;13;58;44;US SENATE;statewide;gen;FALSE;JOHNNY ISAKSON;REPUBLICAN;FALSE;total;1489904;2555258;FALSE;20210114;REPUBLICAN
2020;NEW HAMPSHIRE;NH;33;12;4;US SENATE;statewide;gen;FALSE;;;TRUE;total;486;795914;FALSE;20210114;OTHER
2010;NEW YORK;NY;36;21;13;US SENATE;statewide;gen;TRUE;JOSEPH J. DIOGUARDI;REPUBLICAN;FALSE;total;1338308;4757635;FALSE;20210114;REPUBLICAN
1992;ARIZONA;AZ;4;86;61;US SENATE;statewide;gen;FALSE;JOHN MCCAIN;REPUBLICAN;FALSE;total;771395;1382051;FALSE;20210114;REPUBLICAN
2002;NEW MEXICO;NM;35;85;66;US SENATE;statewide;gen;FALSE;GLORIA TRISTANI;DEMOCRAT;FALSE;total;168863;483056;FALSE;20210114;DEMOCRAT
2012;WISCONSIN;WI;55;35;25;US SENATE;statewide;gen;FALSE;;;TRUE;total;70;3009411;FALSE;20210114;OTHER
2012;VERMONT;VT;50;13;6;US SENATE;statewide;gen;FALSE;;;TRUE;total;252;292762;FALSE;20210114;OTHER
2018;NEW YORK;NY;36;21;13;US SENATE;statewide;gen;FALSE;CHELE CHIAVACCI FARLEY;CONSERVATIVE;FALSE;total;246171;6055151;FALSE;20210114;OTHER
2018;MISSISSIPPI;MS;28;64;46;US SENATE;statewide;gen;FALSE;SHAWN O'HARA;REFORM;FALSE;total;6048;936215;FALSE;20210114;OTHER
1992;NEW YORK;NY;36;21;13;US SENATE;statewide;gen;FALSE;ROBERT ABRAMS;LIBERAL;FALSE;total;143199;7078805;FALSE;20210114;OTHER
2010;COLORADO;CO;8;84;62;US SENATE;statewide;gen;FALSE;;;TRUE;total;19;1772286;FALSE;20210114;OTHER
1996;ALASKA;AK;2;94;81;US SENATE;statewide;gen;FALSE;;;TRUE;total;1009;231916;FALSE;20210114;OTHER
1984;ILLINOIS;IL;17;33;21;US SENATE;statewide;gen;FALSE;ISHMAEL FLORY;COMMUNIST;FALSE;total;4802;4787335;FALSE;20210114;OTHER
1998;ARIZONA;AZ;4;86;61;US SENATE;statewide;gen;FALSE;JOHN C. ZAJAC;LIBERTARIAN;FALSE;total;23004;1013280;FALSE;20210114;LIBERTARIAN
1998;KENTUCKY;KY;21;61;51;US SENATE;statewide;gen;FALSE;CHARLES R. ARBEGUST;REFORM;FALSE;total;12546;1145414;FALSE;20210114;OTHER
2014;RHODE ISLAND;RI;44;15;5;US SENATE;statewide;gen;FALSE;MARK S. ZACCARIA;REPUBLICAN;FALSE;total;92684;316898;FALSE;20210114;REPUBLICAN
1994;NEBRASKA;NE;31;46;35;US SENATE;statewide;gen;FALSE;JAN STONEY;REPUBLICAN;FALSE;total;260668;579205;FALSE;20210114;REPUBLICAN
2020;DELAWARE;DE;10;51;11;US SENATE;statewide;gen;FALSE;NADINE M. FROST;LIBERTARIAN;FALSE;total;5244;490935;FALSE;20210114;LIBERTARIAN
2010;LOUISIANA;LA;22;72;45;US SENATE;statewide;gen;FALSE;SAM HOUSTON MELTON;NO PARTY;FALSE;total;3780;1264994;FALSE;20210114;OTHER
1986;LOUISIANA;LA;22;72;45;US SENATE;statewide;gen;FALSE;W. HENSON MOORE;REPUBLICAN;FALSE;total;646311;1369897;FALSE;20210114;REPUBLICAN
1988;MINNESOTA;MN;27;41;33;US SENATE;statewide;gen;FALSE;"HUBERT H. ""SKIP"" HUMPHREY III";DEMOCRATIC-FARMER-LABOR;FALSE;total;856694;2093953;FALSE;20210114;DEMOCRAT
2010;IOWA;IA;19;42;31;US SENATE;statewide;gen;FALSE;;;TRUE;total;872;1116063;FALSE;20210114;OTHER
2004;SOUTH CAROLINA;SC;45;57;48;US SENATE;statewide;gen;FALSE;;;TRUE;total;1286;1597221;FALSE;20210114;OTHER
2018;MISSISSIPPI;MS;28;64;46;US SENATE;statewide;gen;TRUE;CINDY HYDE-SMITH;REPUBLICAN;FALSE;total;486769;907588;FALSE;20210114;REPUBLICAN
1998;COLORADO;CO;8;84;62;US SENATE;statewide;gen;FALSE;GARY SWING;U.S. PACIFIST;FALSE;total;1981;1327235;FALSE;20210114;OTHER
2006;MAINE;ME;23;11;2;US SENATE;statewide;gen;FALSE;OTHER;;FALSE;total;179;545128;FALSE;20210114;OTHER
2012;NEW MEXICO;NM;35;85;66;US SENATE;statewide;gen;FALSE;JON R. BARRIE;INDEPENDENT AMERICAN;FALSE;total;28199;775793;FALSE;20210114;OTHER
1978;MINNESOTA;MN;27;41;33;US SENATE;statewide;gen;FALSE;LEONARD RICHARDS;LIBERTARIAN;FALSE;total;2992;1580622;FALSE;20210114;LIBERTARIAN
2010;ARKANSAS;AR;5;71;42;US SENATE;statewide;gen;FALSE;TREVOR DROWN;INDEPENDENT;FALSE;total;25234;779957;FALSE;20210114;OTHER
2010;KENTUCKY;KY;21;61;51;US SENATE;statewide;gen;FALSE;JACK CONWAY;DEMOCRAT;FALSE;total;600052;1356096;FALSE;20210114;DEMOCRAT
2002;MINNESOTA;MN;27;41;33;US SENATE;statewide;gen;FALSE;JIM MOORE;INDEPENDENCE;FALSE;total;45139;2254636;FALSE;20210114;OTHER
2010;HAWAII;HI;15;95;82;US SENATE;statewide;gen;FALSE;JIM BREWER;GREEN;FALSE;total;7762;370583;FALSE;20210114;OTHER
2006;TEXAS;TX;48;74;49;US SENATE;statewide;gen;FALSE;SCOTT LANIER JAMESON;LIBERTARIAN;FALSE;total;97672;4314663;FALSE;20210114;LIBERTARIAN
2002;SOUTH CAROLINA;SC;45;57;48;US SENATE;statewide;gen;FALSE;LINDSEY O. GRAHAM;REPUBLICAN;FALSE;total;600010;1102912;FALSE;20210114;REPUBLICAN
1978;ALASKA;AK;2;94;81;US SENATE;statewide;gen;FALSE;;;TRUE;total;384;122741;FALSE;20210114;OTHER
2004;NEW YORK;NY;36;21;13;US SENATE;statewide;gen;FALSE;ABRAHAM HIRSCHFELD;BUILDERS;FALSE;total;16196;7447818;FALSE;20210114;OTHER
1980;LOUISIANA;LA;22;72;45;US SENATE;statewide;gen;FALSE;LOUIS WOODY JENKINS;DEMOCRAT;FALSE;total;325922;841013;FALSE;20210114;DEMOCRAT
1984;KANSAS;KS;20;47;32;US SENATE;statewide;gen;FALSE;LUCILLE BIEGER;COMMUNIST;FALSE;total;9380;996729;FALSE;20210114;OTHER
2002;DELAWARE;DE;10;51;11;US SENATE;statewide;gen;FALSE;RAYMOND T. BURANELLO;LIBERTARIAN;FALSE;total;922;232314;FALSE;20210114;LIBERTARIAN
1990;HAWAII;HI;15;95;82;US SENATE;statewide;gen;TRUE;DANIEL K. AKAKA;DEMOCRAT;FALSE;total;188901;349666;FALSE;20210114;DEMOCRAT
2016;NEW YORK;NY;36;21;13;US SENATE;statewide;gen;FALSE;ALEX MERCED;LIBERTARIAN;FALSE;total;48121;7800725;FALSE;20210114;LIBERTARIAN
2000;ARIZONA;AZ;4;86;61;US SENATE;statewide;gen;FALSE;BARRY J. HESS II;LIBERTARIAN;FALSE;total;70724;1397076;FALSE;20210114;LIBERTARIAN
1998;ALASKA;AK;2;94;81;US SENATE;statewide;gen;FALSE;"JOSEPH A. ""JOE"" SONNEMAN";DEMOCRAT;FALSE;total;43743;221807;FALSE;20210114;DEMOCRAT
1984;TENNESSEE;TN;47;62;54;US SENATE;statewide;gen;FALSE;VICTOR ASHE;REPUBLICAN;FALSE;total;557016;1648036;FALSE;20210114;REPUBLICAN
2006;MASSACHUSETTS;MA;25;14;3;US SENATE;statewide;gen;FALSE;EDWARD M. KENNEDY;DEMOCRAT;FALSE;total;1500738;2243835;FALSE;20210114;DEMOCRAT
2000;VERMONT;VT;50;13;6;US SENATE;statewide;gen;FALSE;ED FLANAGAN;DEMOCRAT;FALSE;total;73352;288500;FALSE;20210114;DEMOCRAT
2020;KENTUCKY;KY;21;61;51;US SENATE;statewide;gen;FALSE;RANDALL LEE TEEGARGEN;;TRUE;total;9;2135057;FALSE;20210114;OTHER
1980;NORTH CAROLINA;NC;37;56;47;US SENATE;statewide;gen;FALSE;JOHN P. EAST;REPUBLICAN;FALSE;total;898064;1797665;FALSE;20210114;REPUBLICAN
2016;CALIFORNIA;CA;6;93;71;US SENATE;statewide;gen;FALSE;KAMALA D. HARRIS;DEMOCRAT;FALSE;total;7542753;12244170;FALSE;20210114;DEMOCRAT
2018;NEW JERSEY;NJ;34;22;12;US SENATE;statewide;gen;FALSE;MURRAY SABRIN;LIBERTARIAN;FALSE;total;21212;3169310;FALSE;20210114;LIBERTARIAN
2000;NEW JERSEY;NJ;34;22;12;US SENATE;statewide;gen;FALSE;PAT DINIZIO;INDEPENDENT;FALSE;total;19312;3015662;FALSE;20210114;OTHER
1990;NEBRASKA;NE;31;46;35;US SENATE;statewide;gen;FALSE;;;TRUE;total;1036;593828;FALSE;20210114;OTHER
1982;PENNSYLVANIA;PA;42;23;14;US SENATE;statewide;gen;FALSE;CYRIL H. WECHT;DEMOCRAT;FALSE;total;1412965;3604108;FALSE;20210114;DEMOCRAT
2014;OREGON;OR;41;92;72;US SENATE;statewide;gen;FALSE;MONICA WEHBY;REPUBLICAN;FALSE;total;538847;1461618;FALSE;20210114;REPUBLICAN
2008;COLORADO;CO;8;84;62;US SENATE;statewide;gen;FALSE;BOB KINSEY;GREEN;FALSE;total;50004;2331621;FALSE;20210114;OTHER
2004;MARYLAND;MD;24;52;52;US SENATE;statewide;gen;FALSE;MARIA ALLWINE;GREEN;FALSE;total;24816;2321931;FALSE;20210114;OTHER
1990;MASSACHUSETTS;MA;25;14;3;US SENATE;statewide;gen;FALSE;JOHN F. KERRY;DEMOCRAT;FALSE;total;1321712;2424579;FALSE;20210114;DEMOCRAT
2002;NORTH CAROLINA;NC;37;56;47;US SENATE;statewide;gen;FALSE;ELIZABETH H. DOLE;REPUBLICAN;FALSE;total;1248664;2331181;FALSE;20210114;REPUBLICAN
231;;;;;;;;;;;;;;;;;;
blueberry;;;;;;;;;;;;;;;;;;
#;;;;;;;;;;;;;;;;;;
a;;;;;;;;;;;;;;;;;;
:);;;;;;;;;;;;;;;;;;
blueberry;;;;;;;;;;;;;;;;;;
